archetype_key,threshold,fuel_level,hourly_lmp,hourly_residual_mw,hourly_marginal_unit
"(63, 6, 30, 0, 1)_Low_50.0",50.0,Low,"[12.53229686 11.59485356 11.51949673 ... 43.27984584 43.27984584
 43.27984584]","[21705.07011319 12254.83763606 10692.29815347 ... 63262.25233556
 63262.25233556 63262.25233556]",[0 0 0 ... 1 1 1]
"(63, 29, 7, 0, 1)_Low_50.0",50.0,Low,"[13.51063425 12.66494646 12.60888783 ... 45.86315089 45.86315089
 45.86315089]","[42614.62286944 39351.91110589 38962.86693105 ... 81291.40751824
 81291.40751824 81291.40751824]",[0 0 0 ... 1 1 1]
"(86, 6, 7, 0, 1)_Low_50.0",50.0,Low,"[12.90134993 12.11296537 12.06176388 ... 44.02671008 44.02671008
 44.02671008]","[30436.38181767 27173.67005412 26784.62587928 ... 69219.84785809
 69219.84785809 69219.84785809]",[0 0 0 ... 1 1 1]
"(62, 6, 31, 0, 1)_Low_50.0",50.0,Low,"[12.51770311 11.57722186 11.50184106 ... 43.25012295 43.25012295
 43.25012295]","[21325.44786517 11606.19274832  9992.63173061 ... 63003.22644328
 63003.22644328 63003.22644328]",[0 0 0 ... 1 1 1]
"(62, 30, 7, 0, 1)_Low_50.0",50.0,Low,"[13.53937005 12.6911745  12.63491061 ... 45.95170003 45.95170003
 45.95170003]","[43144.11161082 39881.39984727 39492.35567243 ... 81816.25793825
 81816.25793825 81816.25793825]",[0 0 0 ... 1 1 1]
"(87, 5, 7, 0, 1)_Low_50.0",50.0,Low,"[12.87724544 12.09134943 12.04036739 ... 43.95628629 43.95628629
 43.95628629]","[29906.89307629 26644.18131274 26255.1371379  ... 68694.99743808
 68694.99743808 68694.99743808]",[0 0 0 ... 1 1 1]
"(58, 5, 36, 0, 1)_Low_55.0",55.0,Low,"[12.23594245 11.37638168 -0.25146265 ... 42.51996896 42.51996896
 42.51996896]","[13113.01587311  1166.52316534     0.         ... 55680.08715838
 55680.08715838 55680.08715838]",[ 0  0 -1 ...  1  1  1]
"(67, 25, 7, 0, 1)_Low_55.0",55.0,Low,"[13.20077255 12.37523593 12.32026854 ... 44.90590149 44.90590149
 44.90590149]","[36675.36498609 33239.77033495 32821.63123512 ... 75326.00636896
 75326.00636896 75326.00636896]",[0 0 0 ... 1 1 1]
"(58, 27, 14, 0, 1)_Low_55.0",55.0,Low,"[13.11430295 12.20792714 12.13814971 ... 44.77973508 44.77973508
 44.77973508]","[34931.67961876 29441.73026429 28633.97216901 ... 74493.11865335
 74493.11865335 74493.11865335]",[0 0 0 ... 1 1 1]
"(87, 5, 7, 0, 1)_Low_55.0",55.0,Low,"[12.6693322  11.89966372 11.84973519 ... 43.3510845  43.3510845
 43.3510845 ]","[25122.88335595 21687.28870481 21269.14960498 ... 63874.7244779
 63874.7244779  63874.7244779 ]",[0 0 0 ... 1 1 1]
"(88, 5, 6, 0, 1)_Low_55.0",55.0,Low,"[12.68660646 11.92580811 11.87760364 ... 43.38440032 43.38440032
 43.38440032]","[25537.01671743 22394.90130962 22032.42206629 ... 64157.29817858
 64157.29817858 64157.29817858]",[0 0 0 ... 1 1 1]
"(69, 24, 6, 0, 1)_Low_55.0",55.0,Low,"[13.19257585 12.38113969 12.32862623 ... 44.86175795 44.86175795
 44.86175795]","[36511.87426606 33369.75885825 33007.27961492 ... 75036.01597508
 75036.01597508 75036.01597508]",[0 0 0 ... 1 1 1]
"(57, 5, 37, 0, 1)_Low_55.0",55.0,Low,"[12.22361215 11.37140247 -0.4698436  ... 42.4965628  42.4965628
 42.4965628 ]","[12698.88251163   458.91056053     0.         ... 55397.51345771
 55397.51345771 55397.51345771]",[ 0  0 -1 ...  1  1  1]
"(57, 27, 15, 0, 1)_Low_55.0",55.0,Low,"[13.09407735 12.17789266 12.10631467 ... 44.73736443 44.73736443
 44.73736443]","[34517.54625728 28734.11765949 27870.69970771 ... 74210.54495268
 74210.54495268 74210.54495268]",[0 0 0 ... 1 1 1]
"(59, 27, 13, 0, 1)_Low_55.0",55.0,Low,"[13.1346488  12.23832477 12.17041192 ... 44.82232625 44.82232625
 44.82232625]","[35345.81298024 30149.3428691  29397.24463031 ... 74775.69235403
 74775.69235403 74775.69235403]",[0 0 0 ... 1 1 1]
"(54, 5, 40, 0, 1)_Low_60.0",60.0,Low,"[12.04549992 -2.32455011 -2.91503288 ... 42.09362996 42.09362996
 42.09362996]","[ 5533.6059628      0.             0.         ... 48952.44171866
 48952.44171866 48952.44171866]",[ 0 -1 -1 ...  1  1  1]
"(53, 5, 41, 0, 1)_Low_60.0",60.0,Low,"[12.03693287 -2.51517054 -3.1110397  ... 42.08274726 42.08274726
 42.08274726]","[ 5084.96148787     0.             0.         ... 48646.3202096
 48646.3202096  48646.3202096 ]",[ 0 -1 -1 ...  1  1  1]
"(74, 19, 6, 0, 1)_Low_60.0",60.0,Low,"[12.86103461 12.07570277 12.02496569 ... 43.87018968 43.87018968
 43.87018968]","[29548.1500134  26257.60832161 25870.67247466 ... 68044.46179418
 68044.46179418 68044.46179418]",[0 0 0 ... 1 1 1]
"(53, 23, 23, 0, 1)_Low_60.0",60.0,Low,"[12.64051217 11.69705355 11.61998129 ... 43.52459048 43.52459048
 43.52459048]","[24424.23162606 15728.78053623 14316.77566553 ... 65321.50721651
 65321.50721651 65321.50721651]",[0 0 0 ... 1 1 1]
"(88, 5, 6, 0, 1)_Low_60.0",60.0,Low,"[12.49724532 11.75376523 11.70683854 ... 42.85896911 42.85896911
 42.85896911]","[20787.51811054 17496.97641875 17110.04057181 ... 59360.57302679
 59360.57302679 59360.57302679]",[0 0 0 ... 1 1 1]
"(54, 23, 22, 0, 1)_Low_60.0",60.0,Low,"[12.65897251 11.72126908 11.64488327 ... 43.56222215 43.56222215
 43.56222215]","[24872.87610099 16495.36085811 15143.65416527 ... 65627.62872557
 65627.62872557 65627.62872557]",[0 0 0 ... 1 1 1]
"(89, 4, 6, 0, 1)_Low_60.0",60.0,Low,"[12.47377849 11.73335087 11.68671423 ... 42.79763741 42.79763741
 42.79763741]","[20161.75868891 16871.21699712 16484.28115018 ... 58740.29525769
 58740.29525769 58740.29525769]",[0 0 0 ... 1 1 1]
"(90, 4, 5, 0, 1)_Low_60.0",60.0,Low,"[12.49056693 11.75841029 11.71338569 ... 42.8277041  42.8277041
 42.8277041 ]","[20610.40316385 17637.797319   17311.15964992 ... 59046.41676676
 59046.41676676 59046.41676676]",[0 0 0 ... 1 1 1]
"(57, 23, 19, 0, 1)_Low_60.0",60.0,Low,"[12.71535112 11.79728187 11.72365505 ... 43.67699799 43.67699799
 43.67699799]","[26218.80952579 18795.10182374 17624.28966451 ... 66545.99325276
 66545.99325276 66545.99325276]",[0 0 0 ... 1 1 1]
"(50, 5, 44, 0, 1)_Low_65.0",65.0,Low,"[-0.69089564 -4.65362235 -5.22339189 ... 34.31547873 34.31547873
 34.31547873]","[    0.             0.             0.         ... 42036.41381183
 42036.41381183 42036.41381183]",[-1 -1 -1 ...  0  0  0]
"(79, 14, 6, 0, 1)_Low_65.0",65.0,Low,"[12.54773481 11.7928202  11.74454036 ... 42.98371176 42.98371176
 42.98371176]","[22103.07235948 18664.10438371 18252.71193315 ... 60575.77086781
 60575.77086781 60575.77086781]",[0 0 0 ... 1 1 1]
"(50, 19, 30, 0, 1)_Low_65.0",65.0,Low,"[12.2591961  11.38713077 11.33725134 ... 42.54725859 42.54725859
 42.54725859]","[13876.81204691  2220.42525784   250.55682546 ... 56003.66446719
 56003.66446719 56003.66446719]",[0 0 0 ... 1 1 1]
"(88, 5, 6, 0, 1)_Low_65.0",65.0,Low,"[12.32845465 11.60440301 11.55917778 ... 42.42988889 42.42988889
 42.42988889]","[16038.01950366 12599.05152789 12187.65907733 ... 54563.84787501
 54563.84787501 54563.84787501]",[0 0 0 ... 1 1 1]
"(89, 5, 5, 0, 1)_Low_65.0",65.0,Low,"[12.34461118 11.62783797 11.58401239 ... 42.45582265 42.45582265
 42.45582265]","[16521.17509205 13424.59956683 13078.14361552 ... 54893.51719246
 54893.51719246 54893.51719246]",[0 0 0 ... 1 1 1]
"(49, 5, 45, 0, 1)_Low_65.0",65.0,Low,"[-0.83103289 -4.8235246  -5.39663743 ... 34.28374922 34.28374922
 34.28374922]","[    0.             0.             0.         ... 41706.74449438
 41706.74449438 41706.74449438]",[-1 -1 -1 ...  0  0  0]
"(49, 20, 30, 0, 1)_Low_65.0",65.0,Low,"[12.28025228 11.39560587 11.34124507 ... 42.60520021 42.60520021
 42.60520021]","[14550.70680867  2894.3200196    924.45158721 ... 56671.65591083
 56671.65591083 56671.65591083]",[0 0 0 ... 1 1 1]
"(89, 4, 6, 0, 1)_Low_65.0",65.0,Low,"[12.30632413 11.58583215 11.54097442 ... 42.37913362 42.37913362
 42.37913362]","[15364.1247419  11925.15676613 11513.76431557 ... 53895.85643136
 53895.85643136 53895.85643136]",[0 0 0 ... 1 1 1]
"(90, 4, 5, 0, 1)_Low_65.0",65.0,Low,"[12.32214271 11.60865208 11.56513741 ... 42.40387774 42.40387774
 42.40387774]","[15847.28033029 12750.70480507 12404.24885376 ... 54225.52574881
 54225.52574881 54225.52574881]",[0 0 0 ... 1 1 1]
"(57, 19, 23, 0, 1)_Low_65.0",65.0,Low,"[12.36973843 11.48847246 11.42296665 ... 42.75617929 42.75617929
 42.75617929]","[17258.90116564  7999.26153045  6483.94859277 ... 58311.34968935
 58311.34968935 58311.34968935]",[0 0 0 ... 1 1 1]
"(46, 4, 49, 0, 1)_Low_70.0",70.0,Low,"[-3.20106909 -6.93245639 -7.46402745 ... 32.70862457 32.70862457
 32.70862457]","[    0.             0.             0.         ... 33863.08119385
 33863.08119385 33863.08119385]",[-1 -1 -1 ...  0  0  0]
"(83, 10, 6, 0, 1)_Low_70.0",70.0,Low,"[12.15174834 11.48169214 11.44180198 ... 33.77937239 33.77937239
 33.77937239]","[14898.6714062  11311.27714644 10875.42809227 ... 53345.64831418
 53345.64831418 53345.64831418]",[0 0 0 ... 0 0 0]
"(46, 16, 37, 0, 1)_Low_70.0",70.0,Low,"[11.99117326 -3.10499176 -3.69438009 ... 33.38686126 33.38686126
 33.38686126]","[ 3183.18426026     0.             0.         ... 46690.14812224
 46690.14812224 46690.14812224]",[ 0 -1 -1 ...  0  0  0]
"(84, 10, 5, 0, 1)_Low_70.0",70.0,Low,"[12.16111458 11.49507345 11.45594585 ... 33.80092488 33.80092488
 33.80092488]","[15416.33810805 12195.79290245 11829.5186689  ... 53698.86544002
 53698.86544002 53698.86544002]",[0 0 0 ... 0 0 0]
"(90, 4, 5, 0, 1)_Low_70.0",70.0,Low,"[12.08790991 11.43464623 11.3968144  ... 33.54378798 33.54378798
 33.54378798]","[11084.15749674  7863.61229115  7497.3380576  ... 49404.63473087
 49404.63473087 49404.63473087]",[0 0 0 ... 0 0 0]
"(89, 4, 6, 0, 1)_Low_70.0",70.0,Low,"[12.07999461 11.42401418 11.38569327 ... 33.52311817 33.52311817
 33.52311817]","[10566.4907949   6979.09653514  6543.24748097 ... 49051.41760503
 49051.41760503 49051.41760503]",[0 0 0 ... 0 0 0]
"(50, 16, 33, 0, 1)_Low_70.0",70.0,Low,"[12.01088808 -2.24208756 -2.80685755 ... 33.46798724 33.46798724
 33.46798724]","[ 5253.85106765     0.             0.         ... 48103.0166256
 48103.0166256  48103.0166256 ]",[ 0 -1 -1 ...  0  0  0]
"(44, 4, 51, 0, 1)_Low_75.0",75.0,Low,"[-4.89917345 -8.35406645 -8.84305851 ... 32.40399393 32.40399393
 32.40399393]","[    0.             0.             0.         ... 27252.55673831
 27252.55673831 27252.55673831]",[-1 -1 -1 ...  0  0  0]
"(43, 4, 52, 0, 1)_Low_75.0",75.0,Low,"[-5.01719899 -8.48405705 -8.97331243 ... 32.38764626 32.38764626
 32.38764626]","[    0.             0.             0.         ... 26875.79180408
 26875.79180408 26875.79180408]",[-1 -1 -1 ...  0  0  0]
"(88, 6, 5, 0, 1)_Low_75.0",75.0,Low,"[12.04186832 11.39801349 11.36122265 ... 33.35393426 33.35393426
 33.35393426]","[ 7861.36554721  4516.85066124  4130.75814546 ... 46110.5812984
 46110.5812984  46110.5812984 ]",[0 0 0 ... 0 0 0]
"(43, 11, 45, 0, 1)_Low_75.0",75.0,Low,"[-2.87327499 -6.64988338 -7.18783952 ... 32.75722018 32.75722018
 32.75722018]","[    0.             0.             0.         ... 34857.07789286
 34857.07789286 34857.07789286]",[-1 -1 -1 ...  0  0  0]
"(44, 11, 44, 0, 1)_Low_75.0",75.0,Low,"[-2.73362055 -6.48762618 -7.02365265 ... 32.77582282 32.77582282
 32.77582282]","[    0.             0.             0.         ... 35233.84282709
 35233.84282709 35233.84282709]",[-1 -1 -1 ...  0  0  0]
"(90, 4, 5, 0, 1)_Low_75.0",75.0,Low,"[12.02281518 11.38487938 11.34882538 ... 33.26818083 33.26818083
 33.26818083]","[ 6321.03466319  2976.51977723  2590.42726144 ... 44583.74371293
 44583.74371293 44583.74371293]",[0 0 0 ... 0 0 0]
"(91, 3, 5, 0, 1)_Low_75.0",75.0,Low,"[12.01409632 11.37941316 11.34379926 ... 33.22584858 33.22584858
 33.22584858]","[ 5550.86922118  2206.35433522  1820.26181943 ... 43820.32492019
 43820.32492019 43820.32492019]",[0 0 0 ... 0 0 0]
"(92, 3, 4, 0, 1)_Low_75.0",75.0,Low,"[12.02029025 11.38621798 11.3506196  ... 33.24669484 33.24669484
 33.24669484]","[ 6103.04703649  3149.8378083   2837.9584345  ... 44197.08985442
 44197.08985442 44197.08985442]",[0 0 0 ... 0 0 0]
"(65, 11, 23, 0, 1)_Low_75.0",75.0,Low,"[11.98089185 -2.33663296 -2.75475531 ... 33.18875682 33.18875682
 33.18875682]","[ 1772.99208181     0.             0.         ... 43145.90644593
 43145.90644593 43145.90644593]",[ 0 -1 -1 ...  0  0  0]
"(56, 4, 39, 0, 1)_Low_80.0",80.0,Low,"[-4.75009387 -7.71249534 -8.14598198 ... 32.3565717  32.3565717
 32.3565717 ]","[    0.            0.            0.        ... 26152.2194459 26152.2194459
 26152.2194459]",[-1 -1 -1 ...  0  0  0]
"(88, 4, 7, 0, 1)_Low_80.0",80.0,Low,"[11.97431629 -1.10819673 -1.25856117 ... 32.96520501 32.96520501
 32.96520501]","[  384.53397213     0.             0.         ... 38962.22720975
 38962.22720975 38962.22720975]",[ 0 -1 -1 ...  0  0  0]
"(91, 3, 5, 0, 1)_Low_80.0",80.0,Low,"[11.9755482  -0.7807818  -0.89172123 ... 32.96465804 32.96465804
 32.96465804]","[  739.61104751     0.             0.         ... 38951.72022771
 38951.72022771 38951.72022771]",[ 0 -1 -1 ...  0  0  0]
"(67, 7, 25, 0, 1)_Low_80.0",80.0,Low,"[-2.1890382  -4.80459017 -5.19134631 ... 32.72452947 32.72452947
 32.72452947]","[    0.             0.             0.         ... 34189.99524443
 34189.99524443 34189.99524443]",[-1 -1 -1 ...  0  0  0]
"(38, 4, 57, 0, 1)_Low_80.0",80.0,Low,"[ -7.95011497 -10.82618821 -11.22388522 ...  31.87059369  31.87059369
  31.87059369]","[    0.             0.             0.         ... 12901.21302454
 12901.21302454 12901.21302454]",[-1 -1 -1 ...  0  0  0]
"(38, 19, 42, 0, 1)_Low_80.0",80.0,Low,"[-3.56459866 -7.25989151 -7.78355289 ... 32.62615421 32.62615421
 32.62615421]","[    0.             0.             0.         ... 32141.81341713
 32141.81341713 32141.81341713]",[-1 -1 -1 ...  0  0  0]
"(39, 19, 41, 0, 1)_Low_80.0",80.0,Low,"[-3.41523977 -7.08923828 -7.61137625 ... 32.64626241 32.64626241
 32.64626241]","[    0.             0.             0.         ... 32565.67396814
 32565.67396814 32565.67396814]",[-1 -1 -1 ...  0  0  0]
"(60, 6, 33, 0, 1)_Low_80.0",80.0,Low,"[-3.57408816 -6.47276916 -6.90029228 ... 32.53465325 32.53465325
 32.53465325]","[    0.             0.             0.         ... 30176.36083619
 30176.36083619 30176.36083619]",[-1 -1 -1 ...  0  0  0]
"(93, 2, 4, 0, 1)_Low_80.0",80.0,Low,"[11.97469929 -0.72932302 -0.81887893 ... 32.94332982 32.94332982
 32.94332982]","[  507.99919413     0.             0.         ... 38540.90050304
 38540.90050304 38540.90050304]",[ 0 -1 -1 ...  0  0  0]
"(71, 7, 21, 0, 1)_Low_80.0",80.0,Low,"[-1.55588086 -3.95306155 -4.30538199 ... 32.80352717 32.80352717
 32.80352717]","[    0.             0.             0.         ... 35791.24621491
 35791.24621491 35791.24621491]",[-1 -1 -1 ...  0  0  0]
"(42, 7, 50, 0, 1)_Low_85.0",85.0,Low,"[ -7.82557836 -10.57448379 -10.96220148 ...  31.86480864  31.86480864
  31.86480864]","[    0.             0.             0.         ... 12707.37393527
 12707.37393527 12707.37393527]",[-1 -1 -1 ...  0  0  0]
"(81, 14, 4, 0, 1)_Low_85.0",85.0,Low,"[11.98126689 -0.41081728 -0.51156361 ... 33.00033239 33.00033239
 33.00033239]","[ 1833.09194207     0.             0.         ... 39634.07718226
 39634.07718226 39634.07718226]",[ 0 -1 -1 ...  0  0  0]
"(42, 9, 48, 0, 1)_Low_85.0",85.0,Low,"[ -7.30322591 -10.16049643 -10.56465845 ...  31.94946751  31.94946751
  31.94946751]","[    0.             0.             0.         ... 15415.31028682
 15415.31028682 15415.31028682]",[-1 -1 -1 ...  0  0  0]
"(43, 11, 45, 0, 1)_Low_85.0",85.0,Low,"[ -6.63067708  -9.58528726 -10.00593356 ...  32.05791365  32.05791365
  32.05791365]","[    0.             0.             0.         ... 18570.65499777
 18570.65499777 18570.65499777]",[-1 -1 -1 ...  0  0  0]
"(92, 3, 4, 0, 1)_Low_85.0",85.0,Low,"[-2.32211365 -3.03456632 -3.11236987 ... 32.59328346 32.59328346
 32.59328346]","[    0.             0.             0.         ... 29661.91920213
 29661.91920213 29661.91920213]",[-1 -1 -1 ...  0  0  0]
"(53, 15, 31, 0, 1)_Low_85.0",85.0,Low,"[-3.97952389 -6.88264853 -7.30925854 ... 32.45717177 32.45717177
 32.45717177]","[    0.             0.             0.         ... 28460.61129486
 28460.61129486 28460.61129486]",[-1 -1 -1 ...  0  0  0]
"(34, 3, 62, 0, 1)_Low_85.0",85.0,Low,"[-10.34219441 -12.55976839 -12.86063223 ...   9.21457813   9.21457813
   9.21457813]",[0. 0. 0. ... 0. 0. 0.],[-1 -1 -1 ... -1 -1 -1]
"(44, 12, 43, 0, 1)_Low_85.0",85.0,Low,"[-6.2141856  -9.20765289 -9.63588322 ... 32.12420433 32.12420433
 32.12420433]","[    0.             0.             0.         ... 20372.03153294
 20372.03153294 20372.03153294]",[-1 -1 -1 ...  0  0  0]
"(34, 20, 45, 0, 1)_Low_85.0",85.0,Low,"[-6.09288044 -9.37790749 -9.83658821 ... 32.17617956 32.17617956
 32.17617956]","[    0.             0.             0.         ... 21730.30878436
 21730.30878436 21730.30878436]",[-1 -1 -1 ...  0  0  0]
"(48, 14, 37, 0, 1)_Low_85.0",85.0,Low,"[-5.05415724 -8.06624024 -8.50346792 ... 32.30254137 32.30254137
 32.30254137]","[    0.             0.             0.         ... 24869.60132208
 24869.60132208 24869.60132208]",[-1 -1 -1 ...  0  0  0]
"(75, 15, 9, 0, 1)_Low_85.0",85.0,Low,"[-0.16055215 -1.6940807  -1.89766651 ... 32.93106144 32.93106144
 32.93106144]","[    0.             0.             0.         ... 38303.59520164
 38303.59520164 38303.59520164]",[-1 -1 -1 ...  0  0  0]
"(66, 4, 29, 0, 1)_Low_87.5",87.5,Low,"[-5.85234401 -8.09254851 -8.43234978 ... 32.08743788 32.08743788
 32.08743788]","[    0.             0.             0.         ... 19383.27003352
 19383.27003352 19383.27003352]",[-1 -1 -1 ...  0  0  0]
"(55, 5, 39, 0, 1)_Low_87.5",87.5,Low,"[ -7.3224111   -9.7575297  -10.11737247 ...  31.8913849   31.8913849
  31.8913849 ]","[    0.             0.             0.         ... 13586.22512445
 13586.22512445 13586.22512445]",[-1 -1 -1 ...  0  0  0]
"(87, 8, 4, 0, 1)_Low_87.5",87.5,Low,"[-1.07440169 -1.90222151 -1.9899772  ... 32.76974516 32.76974516
 32.76974516]","[    0.             0.             0.         ... 34194.71828401
 34194.71828401 34194.71828401]",[-1 -1 -1 ...  0  0  0]
"(66, 5, 28, 0, 1)_Low_87.5",87.5,Low,"[-5.53775604 -7.79431553 -8.13614266 ... 32.13801392 32.13801392
 32.13801392]","[    0.            0.            0.        ... 20737.2382093 20737.2382093
 20737.2382093]",[-1 -1 -1 ...  0  0  0]
"(92, 3, 4, 0, 1)_Low_87.5",87.5,Low,"[-2.32211365 -3.03456632 -3.11236987 ... 32.59328346 32.59328346
 32.59328346]","[    0.             0.             0.         ... 29661.91920213
 29661.91920213 29661.91920213]",[-1 -1 -1 ...  0  0  0]
"(71, 8, 20, 0, 1)_Low_87.5",87.5,Low,"[-3.7903971  -5.84260786 -6.15106601 ... 32.39459172 32.39459172
 32.39459172]","[    0.             0.             0.         ... 27036.18453362
 27036.18453362 27036.18453362]",[-1 -1 -1 ...  0  0  0]
"(36, 9, 54, 0, 1)_Low_87.5",87.5,Low,"[ -9.23470888 -11.72186819 -12.06531168 ...  31.66959582  31.66959582
  31.66959582]","[   0.            0.            0.         ... 4700.22877161 4700.22877161
 4700.22877161]",[-1 -1 -1 ...  0  0  0]
"(36, 13, 50, 0, 1)_Low_87.5",87.5,Low,"[ -8.25890173 -10.99404704 -11.37414649 ...  31.80252861  31.80252861
  31.80252861]","[    0.             0.             0.         ... 10515.16577915
 10515.16577915 10515.16577915]",[-1 -1 -1 ...  0  0  0]
"(55, 8, 36, 0, 1)_Low_87.5",87.5,Low,"[-6.46402823 -9.01070242 -9.38743726 ... 32.02817135 32.02817135
 32.02817135]","[    0.            0.            0.        ... 17733.6434313 17733.6434313
 17733.6434313]",[-1 -1 -1 ...  0  0  0]
"(68, 7, 24, 0, 1)_Low_87.5",87.5,Low,"[-4.595444   -6.79478937 -7.12723133 ... 32.28063085 32.28063085
 32.28063085]","[    0.             0.             0.         ... 24339.99127965
 24339.99127965 24339.99127965]",[-1 -1 -1 ...  0  0  0]
"(43, 12, 44, 0, 1)_Low_87.5",87.5,Low,"[ -7.36418748 -10.11560131 -10.50835346 ...  31.92207653  31.92207653
  31.92207653]","[    0.             0.             0.         ... 14567.07702478
 14567.07702478 14567.07702478]",[-1 -1 -1 ...  0  0  0]
"(82, 3, 14, 0, 1)_Low_90.0",90.0,Low,"[-4.40668077 -5.84944921 -6.06707035 ... 32.23249413 32.23249413
 32.23249413]","[    0.             0.             0.         ... 23155.62162094
 23155.62162094 23155.62162094]",[-1 -1 -1 ...  0  0  0]
"(63, 5, 31, 0, 1)_Low_90.0",90.0,Low,"[-6.9765797  -9.12452738 -9.45135244 ... 31.90450113 31.90450113
 31.90450113]","[    0.             0.             0.         ... 14009.59276958
 14009.59276958 14009.59276958]",[-1 -1 -1 ...  0  0  0]
"(91, 4, 4, 0, 1)_Low_90.0",90.0,Low,"[-2.57547372 -3.273577   -3.35067087 ... 32.56003523 32.56003523
 32.56003523]","[    0.             0.             0.         ... 28649.54173468
 28649.54173468 28649.54173468]",[-1 -1 -1 ...  0  0  0]
"(63, 7, 29, 0, 1)_Low_90.0",90.0,Low,"[-6.37331413 -8.56839211 -8.90177308 ... 31.99786951 31.99786951
 31.99786951]","[    0.           0.           0.       ... 16860.052087 16860.052087
 16860.052087]",[-1 -1 -1 ...  0  0  0]
"(92, 3, 4, 0, 1)_Low_90.0",90.0,Low,"[-2.81349885 -3.48918744 -3.56434955 ... 32.52363124 32.52363124
 32.52363124]","[    0.             0.             0.         ... 27723.89644849
 27723.89644849 27723.89644849]",[-1 -1 -1 ...  0  0  0]
"(83, 4, 12, 0, 1)_Low_90.0",90.0,Low,"[-3.88742334 -5.23439927 -5.43314425 ... 32.3114029  32.3114029
 32.3114029 ]","[    0.             0.             0.         ... 24994.92187264
 24994.92187264 24994.92187264]",[-1 -1 -1 ...  0  0  0]
"(33, 10, 56, 0, 1)_Low_90.0",90.0,Low,"[-10.523623   -12.64418535 -12.93392165 ...   8.51829947   8.51829947
   8.51829947]",[0. 0. 0. ... 0. 0. 0.],[-1 -1 -1 ... -1 -1 -1]
"(45, 10, 44, 0, 1)_Low_90.0",90.0,Low,"[ -8.59251343 -10.98204183 -11.32609095 ...  31.72048301  31.72048301
  31.72048301]","[   0.            0.            0.         ... 7205.55654508 7205.55654508
 7205.55654508]",[-1 -1 -1 ...  0  0  0]
"(33, 14, 52, 0, 1)_Low_90.0",90.0,Low,"[ -9.64829109 -12.02967315 -12.35674679 ...  31.62644183  31.62644183
  31.62644183]","[   0.            0.            0.         ... 1806.97213074 1806.97213074
 1806.97213074]",[-1 -1 -1 ...  0  0  0]
"(55, 9, 35, 0, 1)_Low_90.0",90.0,Low,"[-7.17516184 -9.53943327 -9.8915587  ... 31.89883075 31.89883075
 31.89883075]","[    0.             0.             0.         ... 13827.35930335
 13827.35930335 13827.35930335]",[-1 -1 -1 ...  0  0  0]
"(77, 4, 18, 0, 1)_Low_92.5",92.5,Low,"[-5.86885201 -7.43189334 -7.67567591 ... 32.00704576 32.00704576
 32.00704576]","[    0.             0.             0.         ... 17126.94444911
 17126.94444911 17126.94444911]",[-1 -1 -1 ...  0  0  0]
"(88, 7, 4, 0, 1)_Low_92.5",92.5,Low,"[-3.02639955 -3.70439056 -3.7810046  ... 32.50127603 32.50127603
 32.50127603]","[    0.             0.             0.         ... 26772.27540735
 26772.27540735 26772.27540735]",[-1 -1 -1 ...  0  0  0]
"(77, 5, 17, 0, 1)_Low_92.5",92.5,Low,"[-5.5312405  -7.08401187 -7.32458835 ... 32.05827397 32.05827397
 32.05827397]","[    0.             0.             0.         ... 18580.67870099
 18580.67870099 18580.67870099]",[-1 -1 -1 ...  0  0  0]
"(92, 3, 4, 0, 1)_Low_92.5",92.5,Low,"[-3.96981926 -4.55655203 -4.62524939 ... 32.34622465 32.34622465
 32.34622465]","[    0.             0.             0.         ... 22878.83956439
 22878.83956439 22878.83956439]",[-1 -1 -1 ...  0  0  0]
"(81, 7, 11, 0, 1)_Low_92.5",92.5,Low,"[-4.19951855 -5.45835488 -5.64415354 ... 32.27388557 32.27388557
 32.27388557]","[    0.             0.             0.         ... 23409.64836934
 23409.64836934 23409.64836934]",[-1 -1 -1 ...  0  0  0]
"(36, 10, 53, 0, 1)_Low_92.5",92.5,Low,"[-11.19428427 -13.01018327 -13.26367271 ...   6.37199176   6.37199176
   6.37199176]",[0. 0. 0. ... 0. 0. 0.],[-1 -1 -1 ... -1 -1 -1]
"(58, 8, 33, 0, 1)_Low_92.5",92.5,Low,"[ -8.02167403 -10.09019934 -10.40413088 ...  31.75134599  31.75134599
  31.75134599]","[   0.            0.            0.         ... 8525.37597024 8525.37597024
 8525.37597024]",[-1 -1 -1 ...  0  0  0]
"(36, 14, 49, 0, 1)_Low_92.5",92.5,Low,"[-10.36050078 -12.42733106 -12.71648521 ...   8.62115909   8.62115909
   8.62115909]",[0. 0. 0. ... 0. 0. 0.],[-1 -1 -1 ... -1 -1 -1]
"(58, 9, 32, 0, 1)_Low_92.5",92.5,Low,"[ -7.73758679  -9.83993822 -10.15885699 ...  31.79009793  31.79009793
  31.79009793]","[    0.             0.             0.         ... 10050.37170506
 10050.37170506 10050.37170506]",[-1 -1 -1 ...  0  0  0]
"(46, 12, 41, 0, 1)_Low_92.5",92.5,Low,"[ -9.11719129 -11.29168155 -11.60885847 ...  31.6461379   31.6461379
  31.6461379 ]","[   0.            0.            0.         ... 3291.37899152 3291.37899152
 3291.37899152]",[-1 -1 -1 ...  0  0  0]
"(78, 6, 15, 0, 1)_Low_92.5",92.5,Low,"[-5.03456764 -6.51603429 -6.74292155 ... 32.13310878 32.13310878
 32.13310878]","[    0.             0.             0.         ... 20514.78824402
 20514.78824402 20514.78824402]",[-1 -1 -1 ...  0  0  0]
"(93, 3, 3, 0, 1)_Low_92.5",92.5,Low,"[-3.80563759 -4.30210996 -4.3531099  ... 32.38040769 32.38040769
 32.38040769]","[    0.             0.             0.         ... 23359.21485553
 23359.21485553 23359.21485553]",[-1 -1 -1 ...  0  0  0]
"(46, 8, 45, 0, 1)_Low_92.5",92.5,Low,"[-10.07428277 -12.03635542 -12.32203517 ...   9.00199065   9.00199065
   9.00199065]",[0. 0. 0. ... 0. 0. 0.],[-1 -1 -1 ... -1 -1 -1]
"(91, 3, 5, 0, 1)_Low_95.0",95.0,Low,"[-4.77528122 -5.39489197 -5.47616372 ... 32.20614507 32.20614507
 32.20614507]","[    0.             0.             0.         ... 19477.30145775
 19477.30145775 19477.30145775]",[-1 -1 -1 ...  0  0  0]
"(70, 6, 23, 0, 1)_Low_95.0",95.0,Low,"[-7.67473653 -9.28560333 -9.54169161 ... 31.74909929 31.74909929
 31.74909929]","[   0.            0.            0.         ... 8432.86716309 8432.86716309
 8432.86716309]",[-1 -1 -1 ...  0  0  0]
"(92, 3, 4, 0, 1)_Low_95.0",95.0,Low,"[-4.61692078 -5.15229007 -5.21720886 ... 32.23825935 32.23825935
 32.23825935]","[    0.             0.             0.         ... 19971.80543393
 19971.80543393 19971.80543393]",[-1 -1 -1 ...  0  0  0]
"(48, 10, 41, 0, 1)_Low_95.0",95.0,Low,"[-10.52865914 -12.26431945 -12.52332053 ...   7.48957876   7.48957876
   7.48957876]",[0. 0. 0. ... 0. 0. 0.],[-1 -1 -1 ... -1 -1 -1]
"(34, 10, 55, 0, 1)_Low_95.0",95.0,Low,"[-12.71607982 -13.98016994 -14.15978387 ...   1.686407     1.686407
   1.686407  ]",[0. 0. 0. ... 0. 0. 0.],[-1 -1 -1 ... -1 -1 -1]
"(70, 8, 21, 0, 1)_Low_95.0",95.0,Low,"[-7.05683847 -8.68605357 -8.94321548 ... 31.83171501 31.83171501
 31.83171501]","[    0.             0.             0.         ... 11568.37241225
 11568.37241225 11568.37241225]",[-1 -1 -1 ...  0  0  0]
"(34, 13, 52, 0, 1)_Low_95.0",95.0,Low,"[-12.21873415 -13.66407187 -13.86808767 ...   3.21547653   3.21547653
   3.21547653]",[0. 0. 0. ... 0. 0. 0.],[-1 -1 -1 ... -1 -1 -1]
"(58, 10, 31, 0, 1)_Low_95.0",95.0,Low,"[ -8.78537053 -10.62271471 -10.90625904 ...  31.64688247  31.64688247
  31.64688247]","[   0.            0.            0.         ... 3340.40425782 3340.40425782
 3340.40425782]",[-1 -1 -1 ...  0  0  0]
"(93, 3, 3, 0, 1)_Low_95.0",95.0,Low,"[-4.45646017 -4.90407131 -4.95177552 ... 32.27160742 32.27160742
 32.27160742]","[    0.             0.             0.         ... 20466.30941011
 20466.30941011 20466.30941011]",[-1 -1 -1 ...  0  0  0]
"(58, 7, 34, 0, 1)_Low_95.0",95.0,Low,"[ -9.56635658 -11.29309304 -11.56035624 ...   9.54704897   9.54704897
   9.54704897]",[0. 0. 0. ... 0. 0. 0.],[-1 -1 -1 ... -1 -1 -1]
"(94, 2, 3, 0, 1)_Low_95.0",95.0,Low,"[-4.67968735 -5.1071172  -5.15325069 ... 32.23119842 32.23119842
 32.23119842]","[    0.             0.             0.         ... 19464.32224464
 19464.32224464 19464.32224464]",[-1 -1 -1 ...  0  0  0]
"(82, 5, 12, 0, 1)_Low_97.5",97.5,Low,"[-7.28248855 -8.24150415 -8.3989992  ... 31.7744322  31.7744322
 31.7744322 ]","[   0.           0.           0.        ... 8143.7239512 8143.7239512
 8143.7239512]",[-1 -1 -1 ...  0  0  0]
"(87, 8, 4, 0, 1)_Low_97.5",97.5,Low,"[-5.46916567 -5.9561954  -6.01893417 ... 32.09231057 32.09231057
 32.09231057]","[    0.             0.             0.         ... 15768.76423853
 15768.76423853 15768.76423853]",[-1 -1 -1 ...  0  0  0]
"(82, 7, 10, 0, 1)_Low_97.5",97.5,Low,"[-6.60745467 -7.51389833 -7.65801438 ... 31.88316297 31.88316297
 31.88316297]","[    0.             0.             0.         ... 11421.75216623
 11421.75216623 11421.75216623]",[-1 -1 -1 ...  0  0  0]
"(92, 3, 4, 0, 1)_Low_97.5",97.5,Low,"[-6.545875   -6.92069914 -6.97360222 ... 31.88369874 31.88369874
 31.88369874]","[    0.             0.             0.         ... 10281.69166573
 10281.69166573 10281.69166573]",[-1 -1 -1 ...  0  0  0]
"(83, 8, 8, 0, 1)_Low_97.5",97.5,Low,"[-6.09994668 -6.9023897  -7.02523726 ... 31.97139388 31.97139388
 31.97139388]","[    0.            0.            0.        ... 13602.3658667 13602.3658667
 13602.3658667]",[-1 -1 -1 ...  0  0  0]
"(93, 3, 3, 0, 1)_Low_97.5",97.5,Low,"[-6.39805752 -6.69343452 -6.7307287  ... 31.91086587 31.91086587
 31.91086587]","[    0.             0.             0.         ... 10823.29125869
 10823.29125869 10823.29125869]",[-1 -1 -1 ...  0  0  0]
"(88, 8, 3, 0, 1)_Low_97.5",97.5,Low,"[-5.30569917 -5.70444652 -5.74987135 ... 32.12625208 32.12625208
 32.12625208]","[    0.             0.             0.         ... 16310.36383149
 16310.36383149 16310.36383149]",[-1 -1 -1 ...  0  0  0]
"(70, 8, 21, 0, 1)_Low_97.5",97.5,Low,"[ -8.69830951 -10.03822929 -10.25869282 ...  31.6248552   31.6248552
  31.6248552 ]","[   0.            0.            0.         ... 1554.76990428 1554.76990428
 1554.76990428]",[-1 -1 -1 ...  0  0  0]
"(49, 8, 42, 0, 1)_Low_97.5",97.5,Low,"[-12.46766667 -13.57248476 -13.74815661 ...   1.68022672   1.68022672
   1.68022672]",[0. 0. 0. ... 0. 0. 0.],[-1 -1 -1 ... -1 -1 -1]
"(55, 11, 33, 0, 1)_Low_97.5",97.5,Low,"[-10.85745395 -12.25934188 -12.48238194 ...   5.97280157   5.97280157
   5.97280157]",[0. 0. 0. ... 0. 0. 0.],[-1 -1 -1 ... -1 -1 -1]
"(62, 10, 27, 0, 1)_Low_97.5",97.5,Low,"[ -9.76999568 -11.20557721 -11.43810872 ...   8.47127209   8.47127209
   8.47127209]",[0. 0. 0. ... 0. 0. 0.],[-1 -1 -1 ... -1 -1 -1]
"(39, 9, 51, 0, 1)_Low_97.5",97.5,Low,"[-13.72522252 -14.49562613 -14.61891467 ...  -2.12664995  -2.12664995
  -2.12664995]",[0. 0. 0. ... 0. 0. 0.],[-1 -1 -1 ... -1 -1 -1]
"(35, 8, 56, 0, 1)_Low_97.5",97.5,Low,"[-14.34317165 -14.87908426 -14.97025619 ...  -4.30614624  -4.30614624
  -4.30614624]",[0. 0. 0. ... 0. 0. 0.],[-1 -1 -1 ... -1 -1 -1]
"(32, 60, 7, 0, 1)_Low_97.5",97.5,Low,"[12.17742009 11.4569667  11.41065576 ... 33.79741078 33.79741078
 33.79741078]","[16297.45358363  9577.08406819  8606.14139364 ... 53641.35333564
 53641.35333564 53641.35333564]",[0 0 0 ... 0 0 0]
"(94, 2, 3, 0, 1)_Low_97.5",97.5,Low,"[-6.60364538 -6.87937663 -6.91513238 ... 31.8704643  31.8704643
 31.8704643 ]","[   0.            0.            0.         ... 9725.87674413 9725.87674413
 9725.87674413]",[-1 -1 -1 ...  0  0  0]
"(83, 6, 10, 0, 1)_Low_99.0",99.0,Low,"[-8.40732077 -9.08689496 -9.20689603 ... 31.61712087 31.61712087
 31.61712087]","[  0.           0.           0.         ... 637.93223008 637.93223008
 637.93223008]",[-1 -1 -1 ...  0  0  0]
"(86, 10, 3, 0, 1)_Low_99.0",99.0,Low,"[-6.59512556 -6.89661369 -6.93569517 ... 31.87478847 31.87478847
 31.87478847]","[   0.            0.            0.         ... 9530.16615284 9530.16615284
 9530.16615284]",[-1 -1 -1 ...  0  0  0]
"(83, 8, 8, 0, 1)_Low_99.0",99.0,Low,"[-7.75910644 -8.38079203 -8.4860553  ... 31.68429568 31.68429568
 31.68429568]","[   0.            0.            0.         ... 4201.00637685 4201.00637685
 4201.00637685]",[-1 -1 -1 ...  0  0  0]
"(93, 3, 3, 0, 1)_Low_99.0",99.0,Low,"[-8.03216204 -8.19090627 -8.21868256 ... 31.62580569 31.62580569
 31.62580569]","[   0.            0.            0.         ... 1180.27310727 1180.27310727
 1180.27310727]",[-1 -1 -1 ...  0  0  0]
"(85, 10, 4, 0, 1)_Low_99.0",99.0,Low,"[-6.75262947 -7.13791096 -7.19343751 ... 31.84594444 31.84594444
 31.84594444]","[   0.           0.           0.        ... 8941.4709431 8941.4709431
 8941.4709431]",[-1 -1 -1 ...  0  0  0]
"(32, 53, 14, 0, 1)_Low_99.0",99.0,Low,"[-0.49007334 -3.54282475 -3.97665878 ... 32.92456365 32.92456365
 32.92456365]","[    0.             0.             0.         ... 38177.61153863
 38177.61153863 38177.61153863]",[-1 -1 -1 ...  0  0  0]
"(94, 2, 3, 0, 1)_Low_99.0",99.0,Low,"[-8.22007277 -8.35989783 -8.38618508 ... 10.11978853 10.11978853
 10.11978853]",[0. 0. 0. ... 0. 0. 0.],[-1 -1 -1 ... -1 -1 -1]
"(85, 4, 10, 0, 1)_Low_100.0",100.0,Low,"[-12.47225242 -12.55327248 -12.60826718 ...  -0.70195356  -0.70195356
  -0.70195356]",[0. 0. 0. ... 0. 0. 0.],[-1 -1 -1 ... -1 -1 -1]
"(85, 5, 9, 0, 1)_Low_100.0",100.0,Low,"[-12.26322829 -12.33614907 -12.38815527 ...  -0.15537388  -0.15537388
  -0.15537388]",[0. 0. 0. ... 0. 0. 0.],[-1 -1 -1 ... -1 -1 -1]
"(86, 10, 3, 0, 1)_Low_100.0",100.0,Low,"[-10.93832309 -10.84570298 -10.85646046 ...   3.03210315   3.03210315
   3.03210315]",[0. 0. 0. ... 0. 0. 0.],[-1 -1 -1 ... -1 -1 -1]
"(32, 58, 9, 0, 1)_Low_100.0",100.0,Low,"[-3.79071651 -5.84098349 -6.13393444 ... 32.52894444 32.52894444
 32.52894444]","[    0.             0.             0.         ... 23499.15930751
 23499.15930751 23499.15930751]",[-1 -1 -1 ...  0  0  0]
"(94, 2, 3, 0, 1)_Low_100.0",100.0,Low,"[-12.09791627 -11.8697714  -11.86967029 ...  -0.16979103  -0.16979103
  -0.16979103]",[0. 0. 0. ... 0. 0. 0.],[-1 -1 -1 ... -1 -1 -1]
"(87, 5, 7, 0, 1)_Medium_50.0",50.0,Medium,"[19.79872367 18.59041107 18.51202634 ... 49.08120419 49.08120419
 49.08120419]","[29906.89307629 26644.18131274 26255.1371379  ... 68694.99743808
 68694.99743808 68694.99743808]",[0 0 0 ... 1 1 1]
"(63, 6, 30, 0, 1)_Medium_50.0",50.0,Medium,"[19.26836632 17.82705026 17.71118936 ... 48.22541287 48.22541287
 48.22541287]","[21705.07011319 12254.83763606 10692.29815347 ... 63262.25233556
 63262.25233556 63262.25233556]",[0 0 0 ... 1 1 1]
"(63, 29, 7, 0, 1)_Medium_50.0",50.0,Medium,"[20.77255693 19.47231467 19.3861247  ... 51.4936533  51.4936533
 51.4936533 ]","[42614.62286944 39351.91110589 38962.86693105 ... 81291.40751824
 81291.40751824 81291.40751824]",[0 0 0 ... 1 1 1]
"(88, 5, 6, 0, 1)_Medium_55.0",55.0,Medium,"[19.50561684 18.33589181 18.26177759 ... 48.35768884 48.35768884
 48.35768884]","[25537.01671743 22394.90130962 22032.42206629 ... 64157.29817858
 64157.29817858 64157.29817858]",[0 0 0 ... 1 1 1]
"(58, 5, 36, 0, 1)_Medium_55.0",55.0,Medium,"[18.81272237 17.49115044 -0.25146265 ... 47.26406286 47.26406286
 47.26406286]","[13113.01587311  1166.52316534     0.         ... 55680.08715838
 55680.08715838 55680.08715838]",[ 0  0 -1 ...  1  1  1]
"(58, 27, 14, 0, 1)_Medium_55.0",55.0,Medium,"[20.16319883 18.76964893 18.66236634 ... 50.12298151 50.12298151
 50.12298151]","[34931.67961876 29441.73026429 28633.97216901 ... 74493.11865335
 74493.11865335 74493.11865335]",[0 0 0 ... 1 1 1]
"(67, 25, 7, 0, 1)_Medium_55.0",55.0,Medium,"[20.29614556 19.02688564 18.94237346 ... 50.28259959 50.28259959
 50.28259959]","[36675.36498609 33239.77033495 32821.63123512 ... 75326.00636896
 75326.00636896 75326.00636896]",[0 0 0 ... 1 1 1]
"(88, 5, 6, 0, 1)_Medium_60.0",60.0,Medium,"[19.2144747  18.07137643 17.99922679 ... 47.69294523 47.69294523
 47.69294523]","[20787.51811054 17496.97641875 17110.04057181 ... 59360.57302679
 59360.57302679 59360.57302679]",[0 0 0 ... 1 1 1]
"(53, 5, 41, 0, 1)_Medium_60.0",60.0,Medium,"[18.50674578 -2.51517054 -3.1110397  ... 46.71091656 46.71091656
 46.71091656]","[ 5084.96148787     0.             0.         ... 48646.3202096
 48646.3202096  48646.3202096 ]",[ 0 -1 -1 ...  1  1  1]
"(53, 23, 23, 0, 1)_Medium_60.0",60.0,Medium,"[19.43474702 17.9841824  17.86568406 ... 48.53504891 48.53504891
 48.53504891]","[24424.23162606 15728.78053623 14316.77566553 ... 65321.50721651
 65321.50721651 65321.50721651]",[0 0 0 ... 1 1 1]
"(54, 23, 22, 0, 1)_Medium_60.0",60.0,Medium,"[19.46312973 18.02141371 17.90397078 ... 48.58265821 48.58265821
 48.58265821]","[24872.87610099 16495.36085811 15143.65416527 ... 65627.62872557
 65627.62872557 65627.62872557]",[0 0 0 ... 1 1 1]
"(74, 19, 6, 0, 1)_Medium_60.0",60.0,Medium,"[19.77379956 18.56635437 18.48834627 ... 48.97227999 48.97227999
 48.97227999]","[29548.1500134  26257.60832161 25870.67247466 ... 68044.46179418
 68044.46179418 68044.46179418]",[0 0 0 ... 1 1 1]
"(90, 4, 5, 0, 1)_Medium_65.0",65.0,Medium,"[18.945255   17.84826543 17.78136177 ... 47.11719131 47.11719131
 47.11719131]","[15847.28033029 12750.70480507 12404.24885376 ... 54225.52574881
 54225.52574881 54225.52574881]",[0 0 0 ... 1 1 1]
"(50, 5, 44, 0, 1)_Medium_65.0",65.0,Medium,"[-0.69089564 -4.65362235 -5.22339189 ... 47.31808685 47.31808685
 47.31808685]","[    0.             0.             0.         ... 42036.41381183
 42036.41381183 42036.41381183]",[-1 -1 -1 ...  0  0  0]
"(49, 5, 45, 0, 1)_Medium_65.0",65.0,Medium,"[-0.83103289 -4.8235246  -5.39663743 ... 47.26930284 47.26930284
 47.26930284]","[    0.             0.             0.         ... 41706.74449438
 41706.74449438 41706.74449438]",[-1 -1 -1 ...  0  0  0]
"(50, 19, 30, 0, 1)_Medium_65.0",65.0,Medium,"[18.84847479 17.50767713 17.43098767 ... 47.29858805 47.29858805
 47.29858805]","[13876.81204691  2220.42525784   250.55682546 ... 56003.66446719
 56003.66446719 56003.66446719]",[0 0 0 ... 1 1 1]
"(49, 20, 30, 0, 1)_Medium_65.0",65.0,Medium,"[18.8808486  17.52070757 17.43712801 ... 47.37189226 47.37189226
 47.37189226]","[14550.70680867  2894.3200196    924.45158721 ... 56671.65591083
 56671.65591083 56671.65591083]",[0 0 0 ... 1 1 1]
"(79, 14, 6, 0, 1)_Medium_65.0",65.0,Medium,"[19.29210212 18.13142333 18.05719323 ... 47.85076205 47.85076205
 47.85076205]","[22103.07235948 18664.10438371 18252.71193315 ... 60575.77086781
 60575.77086781 60575.77086781]",[0 0 0 ... 1 1 1]
"(90, 4, 5, 0, 1)_Medium_70.0",70.0,Medium,"[18.58512281 17.580732   17.52256567 ... 46.1316148  46.1316148
 46.1316148 ]","[11084.15749674  7863.61229115  7497.3380576  ... 49404.63473087
 49404.63473087 49404.63473087]",[0 0 0 ... 0 0 0]
"(46, 4, 49, 0, 1)_Medium_70.0",70.0,Medium,"[-3.20106909 -6.93245639 -7.46402745 ... 44.84755373 44.84755373
 44.84755373]","[    0.             0.             0.         ... 33863.08119385
 33863.08119385 33863.08119385]",[-1 -1 -1 ...  0  0  0]
"(46, 16, 37, 0, 1)_Medium_70.0",70.0,Medium,"[18.43639052 -3.10499176 -3.69438009 ... 45.89034047 45.89034047
 45.89034047]","[ 3183.18426026     0.             0.         ... 46690.14812224
 46690.14812224 46690.14812224]",[ 0 -1 -1 ...  0  0  0]
"(83, 10, 6, 0, 1)_Medium_70.0",70.0,Medium,"[18.68327419 17.65306493 17.59173394 ... 46.49382507 46.49382507
 46.49382507]","[14898.6714062  11311.27714644 10875.42809227 ... 53345.64831418
 53345.64831418 53345.64831418]",[0 0 0 ... 0 0 0]
"(84, 10, 5, 0, 1)_Medium_70.0",70.0,Medium,"[18.69767476 17.67363865 17.61348009 ... 46.52696196 46.52696196
 46.52696196]","[15416.33810805 12195.79290245 11829.5186689  ... 53698.86544002
 53698.86544002 53698.86544002]",[0 0 0 ... 0 0 0]
"(90, 4, 5, 0, 1)_Medium_75.0",75.0,Medium,"[18.48503987 17.50421562 17.44878271 ... 45.70786968 45.70786968
 45.70786968]","[ 6321.03466319  2976.51977723  2590.42726144 ... 44583.74371293
 44583.74371293 44583.74371293]",[0 0 0 ... 0 0 0]
"(43, 4, 52, 0, 1)_Medium_75.0",75.0,Medium,"[-5.01719899 -8.48405705 -8.97331243 ... 44.35405061 44.35405061
 44.35405061]","[    0.             0.             0.         ... 26875.79180408
 26875.79180408 26875.79180408]",[-1 -1 -1 ...  0  0  0]
"(44, 4, 51, 0, 1)_Medium_75.0",75.0,Medium,"[-4.89917345 -8.35406645 -8.84305851 ... 44.37918509 44.37918509
 44.37918509]","[    0.             0.             0.         ... 27252.55673831
 27252.55673831 27252.55673831]",[-1 -1 -1 ...  0  0  0]
"(43, 11, 45, 0, 1)_Medium_75.0",75.0,Medium,"[-2.87327499 -6.64988338 -7.18783952 ... 44.92226932 44.92226932
 44.92226932]","[    0.             0.             0.         ... 34857.07789286
 34857.07789286 34857.07789286]",[-1 -1 -1 ...  0  0  0]
"(44, 11, 44, 0, 1)_Medium_75.0",75.0,Medium,"[-2.73362055 -6.48762618 -7.02365265 ... 44.95087081 44.95087081
 44.95087081]","[    0.             0.             0.         ... 35233.84282709
 35233.84282709 35233.84282709]",[-1 -1 -1 ...  0  0  0]
"(88, 6, 5, 0, 1)_Medium_75.0",75.0,Medium,"[18.51433401 17.52440927 17.46784348 ... 45.83971531 45.83971531
 45.83971531]","[ 7861.36554721  4516.85066124  4130.75814546 ... 46110.5812984
 46110.5812984  46110.5812984 ]",[0 0 0 ... 0 0 0]
"(91, 3, 5, 0, 1)_Medium_80.0",80.0,Medium,"[18.41236705 -0.7807818  -0.89172123 ... 45.24120437 45.24120437
 45.24120437]","[  739.61104751     0.             0.         ... 38951.72022771
 38951.72022771 38951.72022771]",[ 0 -1 -1 ...  0  0  0]
"(56, 4, 39, 0, 1)_Medium_80.0",80.0,Medium,"[-4.75009387 -7.71249534 -8.14598198 ... 44.30627357 44.30627357
 44.30627357]","[    0.            0.            0.        ... 26152.2194459 26152.2194459
 26152.2194459]",[-1 -1 -1 ...  0  0  0]
"(38, 4, 57, 0, 1)_Medium_80.0",80.0,Medium,"[ -7.95011497 -10.82618821 -11.22388522 ...  43.55908393  43.55908393
  43.55908393]","[    0.             0.             0.         ... 12901.21302454
 12901.21302454 12901.21302454]",[-1 -1 -1 ...  0  0  0]
"(60, 6, 33, 0, 1)_Medium_80.0",80.0,Medium,"[-3.57408816 -6.47276916 -6.90029228 ... 44.58007337 44.58007337
 44.58007337]","[    0.             0.             0.         ... 30176.36083619
 30176.36083619 30176.36083619]",[-1 -1 -1 ...  0  0  0]
"(38, 19, 42, 0, 1)_Medium_80.0",80.0,Medium,"[-3.56459866 -7.25989151 -7.78355289 ... 44.72075581 44.72075581
 44.72075581]","[    0.             0.             0.         ... 32141.81341713
 32141.81341713 32141.81341713]",[-1 -1 -1 ...  0  0  0]
"(39, 19, 41, 0, 1)_Medium_80.0",80.0,Medium,"[-3.41523977 -7.08923828 -7.61137625 ... 44.7516721  44.7516721
 44.7516721 ]","[    0.             0.             0.         ... 32565.67396814
 32565.67396814 32565.67396814]",[-1 -1 -1 ...  0  0  0]
"(88, 4, 7, 0, 1)_Medium_80.0",80.0,Medium,"[18.41047298 -1.10819673 -1.25856117 ... 45.24204533 45.24204533
 45.24204533]","[  384.53397213     0.             0.         ... 38962.22720975
 38962.22720975 38962.22720975]",[ 0 -1 -1 ...  0  0  0]
"(92, 3, 4, 0, 1)_Medium_85.0",85.0,Medium,"[-2.32211365 -3.03456632 -3.11236987 ... 44.67021714 44.67021714
 44.67021714]","[    0.             0.             0.         ... 29661.91920213
 29661.91920213 29661.91920213]",[-1 -1 -1 ...  0  0  0]
"(42, 7, 50, 0, 1)_Medium_85.0",85.0,Medium,"[ -7.82557836 -10.57448379 -10.96220148 ...  43.55018944  43.55018944
  43.55018944]","[    0.             0.             0.         ... 12707.37393527
 12707.37393527 12707.37393527]",[-1 -1 -1 ...  0  0  0]
"(42, 9, 48, 0, 1)_Medium_85.0",85.0,Medium,"[ -7.30322591 -10.16049643 -10.56465845 ...  43.68035218  43.68035218
  43.68035218]","[    0.             0.             0.         ... 15415.31028682
 15415.31028682 15415.31028682]",[-1 -1 -1 ...  0  0  0]
"(48, 14, 37, 0, 1)_Medium_85.0",85.0,Medium,"[-5.05415724 -8.06624024 -8.50346792 ... 44.22320211 44.22320211
 44.22320211]","[    0.             0.             0.         ... 24869.60132208
 24869.60132208 24869.60132208]",[-1 -1 -1 ...  0  0  0]
"(81, 14, 4, 0, 1)_Medium_85.0",85.0,Medium,"[18.42115951 -0.41081728 -0.51156361 ... 45.29605357 45.29605357
 45.29605357]","[ 1833.09194207     0.             0.         ... 39634.07718226
 39634.07718226 39634.07718226]",[ 0 -1 -1 ...  0  0  0]
"(43, 11, 45, 0, 1)_Medium_85.0",85.0,Medium,"[ -6.63067708  -9.58528726 -10.00593356 ...  43.84708777  43.84708777
  43.84708777]","[    0.             0.             0.         ... 18570.65499777
 18570.65499777 18570.65499777]",[-1 -1 -1 ...  0  0  0]
"(92, 3, 4, 0, 1)_Medium_87.5",87.5,Medium,"[-2.32211365 -3.03456632 -3.11236987 ... 44.67021714 44.67021714
 44.67021714]","[    0.             0.             0.         ... 29661.91920213
 29661.91920213 29661.91920213]",[-1 -1 -1 ...  0  0  0]
"(55, 5, 39, 0, 1)_Medium_87.5",87.5,Medium,"[ -7.3224111   -9.7575297  -10.11737247 ...  43.59105036  43.59105036
  43.59105036]","[    0.             0.             0.         ... 13586.22512445
 13586.22512445 13586.22512445]",[-1 -1 -1 ...  0  0  0]
"(66, 4, 29, 0, 1)_Medium_87.5",87.5,Medium,"[-5.85234401 -8.09254851 -8.43234978 ... 43.89248118 43.89248118
 43.89248118]","[    0.             0.             0.         ... 19383.27003352
 19383.27003352 19383.27003352]",[-1 -1 -1 ...  0  0  0]
"(36, 9, 54, 0, 1)_Medium_87.5",87.5,Medium,"[ -9.23470888 -11.72186819 -12.06531168 ...  43.25005034  43.25005034
  43.25005034]","[   0.            0.            0.         ... 4700.22877161 4700.22877161
 4700.22877161]",[-1 -1 -1 ...  0  0  0]
"(66, 5, 28, 0, 1)_Medium_87.5",87.5,Medium,"[-5.53775604 -7.79431553 -8.13614266 ... 43.97024168 43.97024168
 43.97024168]","[    0.            0.            0.        ... 20737.2382093 20737.2382093
 20737.2382093]",[-1 -1 -1 ...  0  0  0]
"(71, 8, 20, 0, 1)_Medium_87.5",87.5,Medium,"[-3.7903971  -5.84260786 -6.15106601 ... 44.36472923 44.36472923
 44.36472923]","[    0.             0.             0.         ... 27036.18453362
 27036.18453362 27036.18453362]",[-1 -1 -1 ...  0  0  0]
"(36, 13, 50, 0, 1)_Medium_87.5",87.5,Medium,"[ -8.25890173 -10.99404704 -11.37414649 ...  43.45443409  43.45443409
  43.45443409]","[    0.             0.             0.         ... 10515.16577915
 10515.16577915 10515.16577915]",[-1 -1 -1 ...  0  0  0]
"(87, 8, 4, 0, 1)_Medium_87.5",87.5,Medium,"[-1.07440169 -1.90222151 -1.9899772  ... 44.94152644 44.94152644
 44.94152644]","[    0.             0.             0.         ... 34194.71828401
 34194.71828401 34194.71828401]",[-1 -1 -1 ...  0  0  0]
"(43, 12, 44, 0, 1)_Medium_87.5",87.5,Medium,"[ -7.36418748 -10.11560131 -10.50835346 ...  43.63823863  43.63823863
  43.63823863]","[    0.             0.             0.         ... 14567.07702478
 14567.07702478 14567.07702478]",[-1 -1 -1 ...  0  0  0]
"(68, 7, 24, 0, 1)_Medium_87.5",87.5,Medium,"[-4.595444   -6.79478937 -7.12723133 ... 44.18951475 44.18951475
 44.18951475]","[    0.             0.             0.         ... 24339.99127965
 24339.99127965 24339.99127965]",[-1 -1 -1 ...  0  0  0]
"(55, 8, 36, 0, 1)_Medium_87.5",87.5,Medium,"[-6.46402823 -9.01070242 -9.38743726 ... 43.80135907 43.80135907
 43.80135907]","[    0.            0.            0.        ... 17733.6434313 17733.6434313
 17733.6434313]",[-1 -1 -1 ...  0  0  0]
"(92, 3, 4, 0, 1)_Medium_90.0",90.0,Medium,"[-2.81349885 -3.48918744 -3.56434955 ... 44.56312707 44.56312707
 44.56312707]","[    0.             0.             0.         ... 27723.89644849
 27723.89644849 27723.89644849]",[-1 -1 -1 ...  0  0  0]
"(63, 5, 31, 0, 1)_Medium_90.0",90.0,Medium,"[-6.9765797  -9.12452738 -9.45135244 ... 43.61121651 43.61121651
 43.61121651]","[    0.             0.             0.         ... 14009.59276958
 14009.59276958 14009.59276958]",[-1 -1 -1 ...  0  0  0]
"(82, 3, 14, 0, 1)_Medium_90.0",90.0,Medium,"[-4.40668077 -5.84944921 -6.06707035 ... 44.1155047  44.1155047
 44.1155047 ]","[    0.             0.             0.         ... 23155.62162094
 23155.62162094 23155.62162094]",[-1 -1 -1 ...  0  0  0]
"(33, 10, 56, 0, 1)_Medium_90.0",90.0,Medium,"[-10.523623   -12.64418535 -12.93392165 ...   8.51829947   8.51829947
   8.51829947]",[0. 0. 0. ... 0. 0. 0.],[-1 -1 -1 ... -1 -1 -1]
"(63, 7, 29, 0, 1)_Medium_90.0",90.0,Medium,"[-6.37331413 -8.56839211 -8.90177308 ... 43.75477009 43.75477009
 43.75477009]","[    0.           0.           0.       ... 16860.052087 16860.052087
 16860.052087]",[-1 -1 -1 ...  0  0  0]
"(83, 4, 12, 0, 1)_Medium_90.0",90.0,Medium,"[-3.88742334 -5.23439927 -5.43314425 ... 44.23682668 44.23682668
 44.23682668]","[    0.             0.             0.         ... 24994.92187264
 24994.92187264 24994.92187264]",[-1 -1 -1 ...  0  0  0]
"(45, 10, 44, 0, 1)_Medium_90.0",90.0,Medium,"[ -8.59251343 -10.98204183 -11.32609095 ...  43.32828924  43.32828924
  43.32828924]","[   0.            0.            0.         ... 7205.55654508 7205.55654508
 7205.55654508]",[-1 -1 -1 ...  0  0  0]
"(91, 4, 4, 0, 1)_Medium_90.0",90.0,Medium,"[-2.57547372 -3.273577   -3.35067087 ... 44.6190981  44.6190981
 44.6190981 ]","[    0.             0.             0.         ... 28649.54173468
 28649.54173468 28649.54173468]",[-1 -1 -1 ...  0  0  0]
"(55, 9, 35, 0, 1)_Medium_90.0",90.0,Medium,"[-7.17516184 -9.53943327 -9.8915587  ... 43.60249832 43.60249832
 43.60249832]","[    0.             0.             0.         ... 13827.35930335
 13827.35930335 13827.35930335]",[-1 -1 -1 ...  0  0  0]
"(92, 3, 4, 0, 1)_Medium_92.5",92.5,Medium,"[-3.96981926 -4.55655203 -4.62524939 ... 44.29036501 44.29036501
 44.29036501]","[    0.             0.             0.         ... 22878.83956439
 22878.83956439 22878.83956439]",[-1 -1 -1 ...  0  0  0]
"(77, 4, 18, 0, 1)_Medium_92.5",92.5,Medium,"[-5.86885201 -7.43189334 -7.67567591 ... 43.76887854 43.76887854
 43.76887854]","[    0.             0.             0.         ... 17126.94444911
 17126.94444911 17126.94444911]",[-1 -1 -1 ...  0  0  0]
"(46, 8, 45, 0, 1)_Medium_92.5",92.5,Medium,"[-10.07428277 -12.03635542 -12.32203517 ...   9.00199065   9.00199065
   9.00199065]",[0. 0. 0. ... 0. 0. 0.],[-1 -1 -1 ... -1 -1 -1]
"(58, 8, 33, 0, 1)_Medium_92.5",92.5,Medium,"[ -8.02167403 -10.09019934 -10.40413088 ...  43.37574098  43.37574098
  43.37574098]","[   0.            0.            0.         ... 8525.37597024 8525.37597024
 8525.37597024]",[-1 -1 -1 ...  0  0  0]
"(77, 5, 17, 0, 1)_Medium_92.5",92.5,Medium,"[-5.5312405  -7.08401187 -7.32458835 ... 43.84764176 43.84764176
 43.84764176]","[    0.             0.             0.         ... 18580.67870099
 18580.67870099 18580.67870099]",[-1 -1 -1 ...  0  0  0]
"(81, 7, 11, 0, 1)_Medium_92.5",92.5,Medium,"[-4.19951855 -5.45835488 -5.64415354 ... 44.1791439  44.1791439
 44.1791439 ]","[    0.             0.             0.         ... 23409.64836934
 23409.64836934 23409.64836934]",[-1 -1 -1 ...  0  0  0]
"(58, 9, 32, 0, 1)_Medium_92.5",92.5,Medium,"[ -7.73758679  -9.83993822 -10.15885699 ...  43.43532195  43.43532195
  43.43532195]","[    0.             0.             0.         ... 10050.37170506
 10050.37170506 10050.37170506]",[-1 -1 -1 ...  0  0  0]
"(88, 7, 4, 0, 1)_Medium_92.5",92.5,Medium,"[-3.02639955 -3.70439056 -3.7810046  ... 44.528756   44.528756
 44.528756  ]","[    0.             0.             0.         ... 26772.27540735
 26772.27540735 26772.27540735]",[-1 -1 -1 ...  0  0  0]
"(78, 6, 15, 0, 1)_Medium_92.5",92.5,Medium,"[-5.03456764 -6.51603429 -6.74292155 ... 43.96270004 43.96270004
 43.96270004]","[    0.             0.             0.         ... 20514.78824402
 20514.78824402 20514.78824402]",[-1 -1 -1 ...  0  0  0]
"(92, 3, 4, 0, 1)_Medium_95.0",95.0,Medium,"[-4.61692078 -5.15229007 -5.21720886 ... 44.1243687  44.1243687
 44.1243687 ]","[    0.             0.             0.         ... 19971.80543393
 19971.80543393 19971.80543393]",[-1 -1 -1 ...  0  0  0]
"(70, 6, 23, 0, 1)_Medium_95.0",95.0,Medium,"[-7.67473653 -9.28560333 -9.54169161 ... 43.37228667 43.37228667
 43.37228667]","[   0.            0.            0.         ... 8432.86716309 8432.86716309
 8432.86716309]",[-1 -1 -1 ...  0  0  0]
"(91, 3, 5, 0, 1)_Medium_95.0",95.0,Medium,"[-4.77528122 -5.39489197 -5.47616372 ... 44.0749931  44.0749931
 44.0749931 ]","[    0.             0.             0.         ... 19477.30145775
 19477.30145775 19477.30145775]",[-1 -1 -1 ...  0  0  0]
"(58, 7, 34, 0, 1)_Medium_95.0",95.0,Medium,"[ -9.56635658 -11.29309304 -11.56035624 ...   9.54704897   9.54704897
   9.54704897]",[0. 0. 0. ... 0. 0. 0.],[-1 -1 -1 ... -1 -1 -1]
"(70, 8, 21, 0, 1)_Medium_95.0",95.0,Medium,"[-7.05683847 -8.68605357 -8.94321548 ... 43.49930808 43.49930808
 43.49930808]","[    0.             0.             0.         ... 11568.37241225
 11568.37241225 11568.37241225]",[-1 -1 -1 ...  0  0  0]
"(93, 3, 3, 0, 1)_Medium_97.5",97.5,Medium,"[-6.39805752 -6.69343452 -6.7307287  ... 43.62100227 43.62100227
 43.62100227]","[    0.             0.             0.         ... 10823.29125869
 10823.29125869 10823.29125869]",[-1 -1 -1 ...  0  0  0]
"(82, 5, 12, 0, 1)_Medium_97.5",97.5,Medium,"[-7.28248855 -8.24150415 -8.3989992  ... 43.41123594 43.41123594
 43.41123594]","[   0.           0.           0.        ... 8143.7239512 8143.7239512
 8143.7239512]",[-1 -1 -1 ...  0  0  0]
"(70, 8, 21, 0, 1)_Medium_97.5",97.5,Medium,"[ -8.69830951 -10.03822929 -10.25869282 ...  43.18126178  43.18126178
  43.18126178]","[   0.            0.            0.         ... 1554.76990428 1554.76990428
 1554.76990428]",[-1 -1 -1 ...  0  0  0]
"(82, 7, 10, 0, 1)_Medium_97.5",97.5,Medium,"[-6.60745467 -7.51389833 -7.65801438 ... 43.57840916 43.57840916
 43.57840916]","[    0.             0.             0.         ... 11421.75216623
 11421.75216623 11421.75216623]",[-1 -1 -1 ...  0  0  0]
"(83, 8, 8, 0, 1)_Medium_97.5",97.5,Medium,"[-6.09994668 -6.9023897  -7.02523726 ... 43.7140639  43.7140639
 43.7140639 ]","[    0.            0.            0.        ... 13602.3658667 13602.3658667
 13602.3658667]",[-1 -1 -1 ...  0  0  0]
"(87, 8, 4, 0, 1)_Medium_97.5",97.5,Medium,"[-5.46916567 -5.9561954  -6.01893417 ... 43.89997292 43.89997292
 43.89997292]","[    0.             0.             0.         ... 15768.76423853
 15768.76423853 15768.76423853]",[-1 -1 -1 ...  0  0  0]
"(94, 2, 3, 0, 1)_Medium_99.0",99.0,Medium,"[-8.22007277 -8.35989783 -8.38618508 ... 10.11978853 10.11978853
 10.11978853]",[0. 0. 0. ... 0. 0. 0.],[-1 -1 -1 ... -1 -1 -1]
"(83, 6, 10, 0, 1)_Medium_99.0",99.0,Medium,"[-8.40732077 -9.08689496 -9.20689603 ... 43.16937028 43.16937028
 43.16937028]","[  0.           0.           0.         ... 637.93223008 637.93223008
 637.93223008]",[-1 -1 -1 ...  0  0  0]
"(83, 8, 8, 0, 1)_Medium_99.0",99.0,Medium,"[-7.75910644 -8.38079203 -8.4860553  ... 43.27265134 43.27265134
 43.27265134]","[   0.            0.            0.         ... 4201.00637685 4201.00637685
 4201.00637685]",[-1 -1 -1 ...  0  0  0]
"(85, 10, 4, 0, 1)_Medium_99.0",99.0,Medium,"[-6.75262947 -7.13791096 -7.19343751 ... 43.52118579 43.52118579
 43.52118579]","[   0.           0.           0.        ... 8941.4709431 8941.4709431
 8941.4709431]",[-1 -1 -1 ...  0  0  0]
"(86, 10, 3, 0, 1)_Medium_99.0",99.0,Medium,"[-6.59512556 -6.89661369 -6.93569517 ... 43.5655334  43.5655334
 43.5655334 ]","[   0.            0.            0.         ... 9530.16615284 9530.16615284
 9530.16615284]",[-1 -1 -1 ...  0  0  0]
"(94, 2, 3, 0, 1)_Medium_100.0",100.0,Medium,"[-12.09791627 -11.8697714  -11.86967029 ...  -0.16979103  -0.16979103
  -0.16979103]",[0. 0. 0. ... 0. 0. 0.],[-1 -1 -1 ... -1 -1 -1]
"(85, 4, 10, 0, 1)_Medium_100.0",100.0,Medium,"[-12.47225242 -12.55327248 -12.60826718 ...  -0.70195356  -0.70195356
  -0.70195356]",[0. 0. 0. ... 0. 0. 0.],[-1 -1 -1 ... -1 -1 -1]
"(85, 5, 9, 0, 1)_Medium_100.0",100.0,Medium,"[-12.26322829 -12.33614907 -12.38815527 ...  -0.15537388  -0.15537388
  -0.15537388]",[0. 0. 0. ... 0. 0. 0.],[-1 -1 -1 ... -1 -1 -1]
"(86, 10, 3, 0, 1)_Medium_100.0",100.0,Medium,"[-10.93832309 -10.84570298 -10.85646046 ...   3.03210315   3.03210315
   3.03210315]",[0. 0. 0. ... 0. 0. 0.],[-1 -1 -1 ... -1 -1 -1]
"(63, 6, 30, 0, 1)_High_50.0",50.0,High,"[23.36941545 21.38589    21.21405095 ... 65.65024497 65.65024497
 65.65024497]","[21705.07011319 12254.83763606 10692.29815347 ... 63262.25233556
 63262.25233556 63262.25233556]",[0 0 0 ... 1 1 1]
"(63, 29, 7, 0, 1)_High_50.0",50.0,High,"[29.31188336 27.71080973 27.6191826  ... 69.5122186  69.5122186
 69.5122186 ]","[42614.62286944 39351.91110589 38962.86693105 ... 81291.40751824
 81291.40751824 81291.40751824]",[1 1 1 ... 1 1 1]
"(86, 6, 7, 0, 1)_High_50.0",50.0,High,"[24.34205794 22.75137805 22.64320062 ... 66.8146405  66.8146405
 66.8146405 ]","[30436.38181767 27173.67005412 26784.62587928 ... 69219.84785809
 69219.84785809 69219.84785809]",[0 0 0 ... 1 1 1]
"(62, 6, 31, 0, 1)_High_50.0",50.0,High,"[23.33095352 21.33942151 21.16751928 ... 65.60236994 65.60236994
 65.60236994]","[21325.44786517 11606.19274832  9992.63173061 ... 63003.22644328
 63003.22644328 63003.22644328]",[0 0 0 ... 1 1 1]
"(62, 30, 7, 0, 1)_High_50.0",50.0,High,"[29.33765331 27.72703362 27.63407798 ... 69.63893655 69.63893655
 69.63893655]","[43144.11161082 39881.39984727 39492.35567243 ... 81816.25793825
 81816.25793825 81816.25793825]",[1 1 1 ... 1 1 1]
"(87, 5, 7, 0, 1)_High_50.0",50.0,High,"[24.27853035 22.69440906 22.58680998 ... 66.70734625 66.70734625
 66.70734625]","[29906.89307629 26644.18131274 26255.1371379  ... 68694.99743808
 68694.99743808 68694.99743808]",[0 0 0 ... 1 1 1]
"(58, 5, 36, 0, 1)_High_55.0",55.0,High,"[22.5883709  20.81010552 -0.25146265 ... 64.35251111 64.35251111
 64.35251111]","[13113.01587311  1166.52316534     0.         ... 55680.08715838
 55680.08715838 55680.08715838]",[ 0  0 -1 ...  1  1  1]
"(67, 25, 7, 0, 1)_High_55.0",55.0,High,"[25.13118878 23.44259431 23.32449181 ... 68.12576402 68.12576402
 68.12576402]","[36675.36498609 33239.77033495 32821.63123512 ... 75326.00636896
 75326.00636896 75326.00636896]",[0 0 0 ... 1 1 1]
"(58, 27, 14, 0, 1)_High_55.0",55.0,High,"[24.90329741 23.0016506  22.84451609 ... 67.94029434 67.94029434
 67.94029434]","[34931.67961876 29441.73026429 28633.97216901 ... 74493.11865335
 74493.11865335 74493.11865335]",[0 0 0 ... 1 1 1]
"(87, 5, 7, 0, 1)_High_55.0",55.0,High,"[23.73057326 22.18921974 22.08439721 ... 65.7643878  65.7643878
 65.7643878 ]","[25122.88335595 21687.28870481 21269.14960498 ... 63874.7244779
 63874.7244779  63874.7244779 ]",[0 0 0 ... 1 1 1]
"(88, 5, 6, 0, 1)_High_55.0",55.0,High,"[23.77609971 22.2581235  22.15784473 ... 65.8174922  65.8174922
 65.8174922 ]","[25537.01671743 22394.90130962 22032.42206629 ... 64157.29817858
 64157.29817858 64157.29817858]",[0 0 0 ... 1 1 1]
"(69, 24, 6, 0, 1)_High_55.0",55.0,High,"[25.10958631 23.45815373 23.34651857 ... 68.06095678 68.06095678
 68.06095678]","[36511.87426606 33369.75885825 33007.27961492 ... 75036.01597508
 75036.01597508 75036.01597508]",[0 0 0 ... 1 1 1]
"(57, 5, 37, 0, 1)_High_55.0",55.0,High,"[22.55587429 20.79698277 -0.4698436  ... 64.30854073 64.30854073
 64.30854073]","[12698.88251163   458.91056053     0.         ... 55397.51345771
 55397.51345771 55397.51345771]",[ 0  0 -1 ...  1  1  1]
"(57, 27, 15, 0, 1)_High_55.0",55.0,High,"[24.84999267 22.92249446 22.76061458 ... 67.87783505 67.87783505
 67.87783505]","[34517.54625728 28734.11765949 27870.69970771 ... 74210.54495268
 74210.54495268 74210.54495268]",[0 0 0 ... 1 1 1]
"(59, 27, 13, 0, 1)_High_55.0",55.0,High,"[24.95691908 23.08176379 22.92954344 ... 68.00298979 68.00298979
 68.00298979]","[35345.81298024 30149.3428691  29397.24463031 ... 74775.69235403
 74775.69235403 74775.69235403]",[0 0 0 ... 1 1 1]
"(54, 5, 40, 0, 1)_High_60.0",60.0,High,"[22.08645801 -2.32455011 -2.91503288 ... 63.40320597 63.40320597
 63.40320597]","[ 5533.6059628      0.             0.         ... 48952.44171866
 48952.44171866 48952.44171866]",[ 0 -1 -1 ...  1  1  1]
"(53, 5, 41, 0, 1)_High_60.0",60.0,High,"[22.06387949 -2.51517054 -3.1110397  ... 63.36523563 63.36523563
 63.36523563]","[ 5084.96148787     0.             0.         ... 48646.3202096
 48646.3202096  48646.3202096 ]",[ 0 -1 -1 ...  1  1  1]
"(74, 19, 6, 0, 1)_High_60.0",60.0,High,"[24.23580656 22.65317215 22.54621866 ... 66.57558919 66.57558919
 66.57558919]","[29548.1500134  26257.60832161 25870.67247466 ... 68044.46179418
 68044.46179418 68044.46179418]",[0 0 0 ... 1 1 1]
"(53, 23, 23, 0, 1)_High_60.0",60.0,High,"[23.65461782 21.65523892 21.47887887 ... 66.03919521 66.03919521
 66.03919521]","[24424.23162606 15728.78053623 14316.77566553 ... 65321.50721651
 65321.50721651 65321.50721651]",[0 0 0 ... 1 1 1]
"(88, 5, 6, 0, 1)_High_60.0",60.0,High,"[23.27703684 21.80470304 21.70779186 ... 64.95493335 64.95493335
 64.95493335]","[20787.51811054 17496.97641875 17110.04057181 ... 59360.57302679
 59360.57302679 59360.57302679]",[0 0 0 ... 1 1 1]
"(54, 23, 22, 0, 1)_High_60.0",60.0,High,"[23.7032702  21.71905917 21.54450825 ... 66.09826058 66.09826058
 66.09826058]","[24872.87610099 16495.36085811 15143.65416527 ... 65627.62872557
 65627.62872557 65627.62872557]",[0 0 0 ... 1 1 1]
"(89, 4, 6, 0, 1)_High_60.0",60.0,High,"[23.2151898  21.75090082 21.65475408 ... 64.84964474 64.84964474
 64.84964474]","[20161.75868891 16871.21699712 16484.28115018 ... 58740.29525769
 58740.29525769 58740.29525769]",[0 0 0 ... 1 1 1]
"(90, 4, 5, 0, 1)_High_60.0",60.0,High,"[23.25943586 21.81694514 21.72504694 ... 64.90142157 64.90142157
 64.90142157]","[20610.40316385 17637.797319   17311.15964992 ... 59046.41676676
 59046.41676676 59046.41676676]",[0 0 0 ... 1 1 1]
"(57, 23, 19, 0, 1)_High_60.0",60.0,High,"[23.85185649 21.91939152 21.75211192 ... 66.2773535  66.2773535
 66.2773535 ]","[26218.80952579 18795.10182374 17624.28966451 ... 66545.99325276
 66545.99325276 66545.99325276]",[0 0 0 ... 1 1 1]
"(50, 5, 44, 0, 1)_High_65.0",65.0,High,"[-0.69089564 -4.65362235 -5.22339189 ... 62.68125802 62.68125802
 62.68125802]","[    0.             0.             0.         ... 42036.41381183
 42036.41381183 42036.41381183]",[-1 -1 -1 ...  1  1  1]
"(79, 14, 6, 0, 1)_High_65.0",65.0,High,"[23.4101023  21.90763274 21.80715534 ... 65.16546096 65.16546096
 65.16546096]","[22103.07235948 18664.10438371 18252.71193315 ... 60575.77086781
 60575.77086781 60575.77086781]",[0 0 0 ... 1 1 1]
"(50, 19, 30, 0, 1)_High_65.0",65.0,High,"[22.64965611 20.83843484 20.7337417  ... 64.40327299 64.40327299
 64.40327299]","[13876.81204691  2220.42525784   250.55682546 ... 56003.66446719
 56003.66446719 56003.66446719]",[0 0 0 ... 1 1 1]
"(88, 5, 6, 0, 1)_High_65.0",65.0,High,"[22.83218759 21.41105765 21.3186307  ... 64.18079277 64.18079277
 64.18079277]","[16038.01950366 12599.05152789 12187.65907733 ... 54563.84787501
 54563.84787501 54563.84787501]",[0 0 0 ... 1 1 1]
"(89, 5, 5, 0, 1)_High_65.0",65.0,High,"[22.87476826 21.47282068 21.38408252 ... 64.23095475 64.23095475
 64.23095475]","[16521.17509205 13424.59956683 13078.14361552 ... 54893.51719246
 54893.51719246 54893.51719246]",[0 0 0 ... 1 1 1]
"(49, 5, 45, 0, 1)_High_65.0",65.0,High,"[-0.83103289 -4.8235246  -5.39663743 ... 62.65507111 62.65507111
 62.65507111]","[    0.             0.             0.         ... 41706.74449438
 41706.74449438 41706.74449438]",[-1 -1 -1 ...  1  1  1]
"(49, 20, 30, 0, 1)_High_65.0",65.0,High,"[22.70514985 20.86077104 20.74426721 ... 64.50943825 64.50943825
 64.50943825]","[14550.70680867  2894.3200196    924.45158721 ... 56671.65591083
 56671.65591083 56671.65591083]",[0 0 0 ... 1 1 1]
"(89, 4, 6, 0, 1)_High_65.0",65.0,High,"[22.77386242 21.362114   21.27065559 ... 64.080598   64.080598
 64.080598  ]","[15364.1247419  11925.15676613 11513.76431557 ... 53895.85643136
 53895.85643136 53895.85643136]",[0 0 0 ... 1 1 1]
"(90, 4, 5, 0, 1)_High_65.0",65.0,High,"[22.81555243 21.42225611 21.33433736 ... 64.12980292 64.12980292
 64.12980292]","[15847.28033029 12750.70480507 12404.24885376 ... 54225.52574881
 54225.52574881 54225.52574881]",[0 0 0 ... 1 1 1]
"(57, 19, 23, 0, 1)_High_65.0",65.0,High,"[22.94099134 21.1055217  20.95964511 ... 64.7777069  64.7777069
 64.7777069 ]","[17258.90116564  7999.26153045  6483.94859277 ... 58311.34968935
 58311.34968935 58311.34968935]",[0 0 0 ... 1 1 1]
"(46, 4, 49, 0, 1)_High_70.0",70.0,High,"[-3.20106909 -6.93245639 -7.46402745 ... 65.07910233 65.07910233
 65.07910233]","[    0.             0.             0.         ... 33863.08119385
 33863.08119385 33863.08119385]",[-1 -1 -1 ...  0  0  0]
"(83, 10, 6, 0, 1)_High_70.0",70.0,High,"[29.56915061 27.93868625 27.84162054 ... 67.68457955 67.68457955
 67.68457955]","[14898.6714062  11311.27714644 10875.42809227 ... 53345.64831418
 53345.64831418 53345.64831418]",[0 0 0 ... 0 0 0]
"(46, 16, 37, 0, 1)_High_70.0",70.0,High,"[29.1784193  -3.10499176 -3.69438009 ... 66.72947249 66.72947249
 66.72947249]","[ 3183.18426026     0.             0.         ... 46690.14812224
 46690.14812224 46690.14812224]",[ 0 -1 -1 ...  0  0  0]
"(84, 10, 5, 0, 1)_High_70.0",70.0,High,"[29.59194172 27.97124732 27.87603716 ... 67.73702376 67.73702376
 67.73702376]","[15416.33810805 12195.79290245 11829.5186689  ... 53698.86544002
 53698.86544002 53698.86544002]",[0 0 0 ... 0 0 0]
"(90, 4, 5, 0, 1)_High_70.0",70.0,High,"[29.41381097 27.82420828 27.73215114 ... 67.11132616 67.11132616
 67.11132616]","[11084.15749674  7863.61229115  7497.3380576  ... 49404.63473087
 49404.63473087 49404.63473087]",[0 0 0 ... 0 0 0]
"(89, 4, 6, 0, 1)_High_70.0",70.0,High,"[29.3945505  27.79833704 27.70508982 ... 67.06102981 67.06102981
 67.06102981]","[10566.4907949   6979.09653514  6543.24748097 ... 49051.41760503
 49051.41760503 49051.41760503]",[0 0 0 ... 0 0 0]
"(50, 16, 33, 0, 1)_High_70.0",70.0,High,"[29.22639185 -2.24208756 -2.80685755 ... 66.92687835 66.92687835
 66.92687835]","[ 5253.85106765     0.             0.         ... 48103.0166256
 48103.0166256  48103.0166256 ]",[ 0 -1 -1 ...  0  0  0]
"(44, 4, 51, 0, 1)_High_75.0",75.0,High,"[-4.89917345 -8.35406645 -8.84305851 ... 64.33783703 64.33783703
 64.33783703]","[    0.             0.             0.         ... 27252.55673831
 27252.55673831 27252.55673831]",[-1 -1 -1 ...  0  0  0]
"(43, 4, 52, 0, 1)_High_75.0",75.0,High,"[-5.01719899 -8.48405705 -8.97331243 ... 64.29805785 64.29805785
 64.29805785]","[    0.             0.             0.         ... 26875.79180408
 26875.79180408 26875.79180408]",[-1 -1 -1 ...  0  0  0]
"(88, 6, 5, 0, 1)_High_75.0",75.0,High,"[29.30177683 27.7350689  27.64554485 ... 66.64935039 66.64935039
 66.64935039]","[ 7861.36554721  4516.85066124  4130.75814546 ... 46110.5812984
 46110.5812984  46110.5812984 ]",[0 0 0 ... 0 0 0]
"(43, 11, 45, 0, 1)_High_75.0",75.0,High,"[-2.87327499 -6.64988338 -7.18783952 ... 65.19735122 65.19735122
 65.19735122]","[    0.             0.             0.         ... 34857.07789286
 34857.07789286 34857.07789286]",[-1 -1 -1 ...  0  0  0]
"(44, 11, 44, 0, 1)_High_75.0",75.0,High,"[-2.73362055 -6.48762618 -7.02365265 ... 65.24261748 65.24261748
 65.24261748]","[    0.             0.             0.         ... 35233.84282709
 35233.84282709 35233.84282709]",[-1 -1 -1 ...  0  0  0]
"(90, 4, 5, 0, 1)_High_75.0",75.0,High,"[29.25541436 27.70310936 27.61537826 ... 66.44068444 66.44068444
 66.44068444]","[ 6321.03466319  2976.51977723  2590.42726144 ... 44583.74371293
 44583.74371293 44583.74371293]",[0 0 0 ... 0 0 0]
"(91, 3, 5, 0, 1)_High_75.0",75.0,High,"[29.23419855 27.68980826 27.60314809 ... 66.33767633 66.33767633
 66.33767633]","[ 5550.86922118  2206.35433522  1820.26181943 ... 43820.32492019
 43820.32492019 43820.32492019]",[0 0 0 ... 0 0 0]
"(92, 3, 4, 0, 1)_High_75.0",75.0,High,"[29.24927038 27.7063666  27.6197442  ... 66.38840205 66.38840205
 66.38840205]","[ 6103.04703649  3149.8378083   2837.9584345  ... 44197.08985442
 44197.08985442 44197.08985442]",[0 0 0 ... 0 0 0]
"(65, 11, 23, 0, 1)_High_75.0",75.0,High,"[29.15340128 -2.33663296 -2.75475531 ... 66.24742003 66.24742003
 66.24742003]","[ 1772.99208181     0.             0.         ... 43145.90644593
 43145.90644593 43145.90644593]",[ 0 -1 -1 ...  0  0  0]
"(56, 4, 39, 0, 1)_High_80.0",80.0,High,"[-4.75009387 -7.71249534 -8.14598198 ... 64.22244335 64.22244335
 64.22244335]","[    0.            0.            0.        ... 26152.2194459 26152.2194459
 26152.2194459]",[-1 -1 -1 ...  0  0  0]
"(88, 4, 7, 0, 1)_High_80.0",80.0,High,"[29.13740081 -1.10819673 -1.25856117 ... 65.70344587 65.70344587
 65.70344587]","[  384.53397213     0.             0.         ... 38962.22720975
 38962.22720975 38962.22720975]",[ 0 -1 -1 ...  0  0  0]
"(91, 3, 5, 0, 1)_High_80.0",80.0,High,"[29.14039846 -0.7807818  -0.89172123 ... 65.70211492 65.70211492
 65.70211492]","[  739.61104751     0.             0.         ... 38951.72022771
 38951.72022771 38951.72022771]",[ 0 -1 -1 ...  0  0  0]
"(67, 7, 25, 0, 1)_High_80.0",80.0,High,"[-2.1890382  -4.80459017 -5.19134631 ... 65.11780411 65.11780411
 65.11780411]","[    0.             0.             0.         ... 34189.99524443
 34189.99524443 34189.99524443]",[-1 -1 -1 ...  0  0  0]
"(38, 4, 57, 0, 1)_High_80.0",80.0,High,"[ -7.95011497 -10.82618821 -11.22388522 ...  63.039901    63.039901
  63.039901  ]","[    0.             0.             0.         ... 12901.21302454
 12901.21302454 12901.21302454]",[-1 -1 -1 ...  0  0  0]
"(38, 19, 42, 0, 1)_High_80.0",80.0,High,"[-3.56459866 -7.25989151 -7.78355289 ... 64.87842514 64.87842514
 64.87842514]","[    0.             0.             0.         ... 32141.81341713
 32141.81341713 32141.81341713]",[-1 -1 -1 ...  0  0  0]
"(39, 19, 41, 0, 1)_High_80.0",80.0,High,"[-3.41523977 -7.08923828 -7.61137625 ... 64.92735493 64.92735493
 64.92735493]","[    0.             0.             0.         ... 32565.67396814
 32565.67396814 32565.67396814]",[-1 -1 -1 ...  0  0  0]
"(60, 6, 33, 0, 1)_High_80.0",80.0,High,"[-3.57408816 -6.47276916 -6.90029228 ... 64.65577358 64.65577358
 64.65577358]","[    0.             0.             0.         ... 30176.36083619
 30176.36083619 30176.36083619]",[-1 -1 -1 ...  0  0  0]
"(93, 2, 4, 0, 1)_High_80.0",80.0,High,"[29.13833277 -0.72932302 -0.81887893 ... 65.65021643 65.65021643
 65.65021643]","[  507.99919413     0.             0.         ... 38540.90050304
 38540.90050304 38540.90050304]",[ 0 -1 -1 ...  0  0  0]
"(71, 7, 21, 0, 1)_High_80.0",80.0,High,"[-1.55588086 -3.95306155 -4.30538199 ... 65.31003118 65.31003118
 65.31003118]","[    0.             0.             0.         ... 35791.24621491
 35791.24621491 35791.24621491]",[-1 -1 -1 ...  0  0  0]
"(42, 7, 50, 0, 1)_High_85.0",85.0,High,"[ -7.82557836 -10.57448379 -10.96220148 ...  63.0258241   63.0258241
  63.0258241 ]","[    0.             0.             0.         ... 12707.37393527
 12707.37393527 12707.37393527]",[-1 -1 -1 ...  0  0  0]
"(81, 14, 4, 0, 1)_High_85.0",85.0,High,"[29.15431388 -0.41081728 -0.51156361 ... 65.78892219 65.78892219
 65.78892219]","[ 1833.09194207     0.             0.         ... 39634.07718226
 39634.07718226 39634.07718226]",[ 0 -1 -1 ...  0  0  0]
"(42, 9, 48, 0, 1)_High_85.0",85.0,High,"[ -7.30322591 -10.16049643 -10.56465845 ...  63.23182663  63.23182663
  63.23182663]","[    0.             0.             0.         ... 15415.31028682
 15415.31028682 15415.31028682]",[-1 -1 -1 ...  0  0  0]
"(43, 11, 45, 0, 1)_High_85.0",85.0,High,"[ -6.63067708  -9.58528726 -10.00593356 ...  63.4957113   63.4957113
  63.4957113 ]","[    0.             0.             0.         ... 18570.65499777
 18570.65499777 18570.65499777]",[-1 -1 -1 ...  0  0  0]
"(92, 3, 4, 0, 1)_High_85.0",85.0,High,"[-2.32211365 -3.03456632 -3.11236987 ... 64.79843993 64.79843993
 64.79843993]","[    0.             0.             0.         ... 29661.91920213
 29661.91920213 29661.91920213]",[-1 -1 -1 ...  0  0  0]
"(53, 15, 31, 0, 1)_High_85.0",85.0,High,"[-3.97952389 -6.88264853 -7.30925854 ... 64.46723598 64.46723598
 64.46723598]","[    0.             0.             0.         ... 28460.61129486
 28460.61129486 28460.61129486]",[-1 -1 -1 ...  0  0  0]
"(34, 3, 62, 0, 1)_High_85.0",85.0,High,"[-10.34219441 -12.55976839 -12.86063223 ...   9.21457813   9.21457813
   9.21457813]",[0. 0. 0. ... 0. 0. 0.],[-1 -1 -1 ... -1 -1 -1]
"(44, 12, 43, 0, 1)_High_85.0",85.0,High,"[-6.2141856  -9.20765289 -9.63588322 ... 63.65701805 63.65701805
 63.65701805]","[    0.             0.             0.         ... 20372.03153294
 20372.03153294 20372.03153294]",[-1 -1 -1 ...  0  0  0]
"(34, 20, 45, 0, 1)_High_85.0",85.0,High,"[-6.09288044 -9.37790749 -9.83658821 ... 63.78349067 63.78349067
 63.78349067]","[    0.             0.             0.         ... 21730.30878436
 21730.30878436 21730.30878436]",[-1 -1 -1 ...  0  0  0]
"(48, 14, 37, 0, 1)_High_85.0",85.0,High,"[-5.05415724 -8.06624024 -8.50346792 ... 64.09097    64.09097
 64.09097   ]","[    0.             0.             0.         ... 24869.60132208
 24869.60132208 24869.60132208]",[-1 -1 -1 ...  0  0  0]
"(75, 15, 9, 0, 1)_High_85.0",85.0,High,"[-0.16055215 -1.6940807  -1.89766651 ... 65.62036346 65.62036346
 65.62036346]","[    0.             0.             0.         ... 38303.59520164
 38303.59520164 38303.59520164]",[-1 -1 -1 ...  0  0  0]
"(66, 4, 29, 0, 1)_High_87.5",87.5,High,"[-5.85234401 -8.09254851 -8.43234978 ... 63.56755335 63.56755335
 63.56755335]","[    0.             0.             0.         ... 19383.27003352
 19383.27003352 19383.27003352]",[-1 -1 -1 ...  0  0  0]
"(55, 5, 39, 0, 1)_High_87.5",87.5,High,"[ -7.3224111   -9.7575297  -10.11737247 ...  63.09049278  63.09049278
  63.09049278]","[    0.             0.             0.         ... 13586.22512445
 13586.22512445 13586.22512445]",[-1 -1 -1 ...  0  0  0]
"(87, 8, 4, 0, 1)_High_87.5",87.5,High,"[-1.07440169 -1.90222151 -1.9899772  ... 65.22782856 65.22782856
 65.22782856]","[    0.             0.             0.         ... 34194.71828401
 34194.71828401 34194.71828401]",[-1 -1 -1 ...  0  0  0]
"(66, 5, 28, 0, 1)_High_87.5",87.5,High,"[-5.53775604 -7.79431553 -8.13614266 ... 63.69062127 63.69062127
 63.69062127]","[    0.            0.            0.        ... 20737.2382093 20737.2382093
 20737.2382093]",[-1 -1 -1 ...  0  0  0]
"(92, 3, 4, 0, 1)_High_87.5",87.5,High,"[-2.32211365 -3.03456632 -3.11236987 ... 64.79843993 64.79843993
 64.79843993]","[    0.             0.             0.         ... 29661.91920213
 29661.91920213 29661.91920213]",[-1 -1 -1 ...  0  0  0]
"(71, 8, 20, 0, 1)_High_87.5",87.5,High,"[-3.7903971  -5.84260786 -6.15106601 ... 64.3149584  64.3149584
 64.3149584 ]","[    0.             0.             0.         ... 27036.18453362
 27036.18453362 27036.18453362]",[-1 -1 -1 ...  0  0  0]
"(36, 9, 54, 0, 1)_High_87.5",87.5,High,"[ -9.23470888 -11.72186819 -12.06531168 ...  62.55080789  62.55080789
  62.55080789]","[   0.            0.            0.         ... 4700.22877161 4700.22877161
 4700.22877161]",[-1 -1 -1 ...  0  0  0]
"(36, 13, 50, 0, 1)_High_87.5",87.5,High,"[ -8.25890173 -10.99404704 -11.37414649 ...  62.87427656  62.87427656
  62.87427656]","[    0.             0.             0.         ... 10515.16577915
 10515.16577915 10515.16577915]",[-1 -1 -1 ...  0  0  0]
"(55, 8, 36, 0, 1)_High_87.5",87.5,High,"[-6.46402823 -9.01070242 -9.38743726 ... 63.42333862 63.42333862
 63.42333862]","[    0.            0.            0.        ... 17733.6434313 17733.6434313
 17733.6434313]",[-1 -1 -1 ...  0  0  0]
"(68, 7, 24, 0, 1)_High_87.5",87.5,High,"[-4.595444   -6.79478937 -7.12723133 ... 64.03765459 64.03765459
 64.03765459]","[    0.             0.             0.         ... 24339.99127965
 24339.99127965 24339.99127965]",[-1 -1 -1 ...  0  0  0]
"(43, 12, 44, 0, 1)_High_87.5",87.5,High,"[ -7.36418748 -10.11560131 -10.50835346 ...  63.16517546  63.16517546
  63.16517546]","[    0.             0.             0.         ... 14567.07702478
 14567.07702478 14567.07702478]",[-1 -1 -1 ...  0  0  0]
"(82, 3, 14, 0, 1)_High_90.0",90.0,High,"[-4.40668077 -5.84944921 -6.06707035 ... 63.92052231 63.92052231
 63.92052231]","[    0.             0.             0.         ... 23155.62162094
 23155.62162094 23155.62162094]",[-1 -1 -1 ...  0  0  0]
"(63, 5, 31, 0, 1)_High_90.0",90.0,High,"[-6.9765797  -9.12452738 -9.45135244 ... 63.1224088  63.1224088
 63.1224088 ]","[    0.             0.             0.         ... 14009.59276958
 14009.59276958 14009.59276958]",[-1 -1 -1 ...  0  0  0]
"(91, 4, 4, 0, 1)_High_90.0",90.0,High,"[-2.57547372 -3.273577   -3.35067087 ... 64.7175362  64.7175362
 64.7175362 ]","[    0.             0.             0.         ... 28649.54173468
 28649.54173468 28649.54173468]",[-1 -1 -1 ...  0  0  0]
"(63, 7, 29, 0, 1)_High_90.0",90.0,High,"[-6.37331413 -8.56839211 -8.90177308 ... 63.3496044  63.3496044
 63.3496044 ]","[    0.           0.           0.       ... 16860.052087 16860.052087
 16860.052087]",[-1 -1 -1 ...  0  0  0]
"(92, 3, 4, 0, 1)_High_90.0",90.0,High,"[-2.81349885 -3.48918744 -3.56434955 ... 64.62895346 64.62895346
 64.62895346]","[    0.             0.             0.         ... 27723.89644849
 27723.89644849 27723.89644849]",[-1 -1 -1 ...  0  0  0]
"(83, 4, 12, 0, 1)_High_90.0",90.0,High,"[-3.88742334 -5.23439927 -5.43314425 ... 64.11253298 64.11253298
 64.11253298]","[    0.             0.             0.         ... 24994.92187264
 24994.92187264 24994.92187264]",[-1 -1 -1 ...  0  0  0]
"(33, 10, 56, 0, 1)_High_90.0",90.0,High,"[-10.523623   -12.64418535 -12.93392165 ...   8.51829947   8.51829947
   8.51829947]",[0. 0. 0. ... 0. 0. 0.],[-1 -1 -1 ... -1 -1 -1]
"(45, 10, 44, 0, 1)_High_90.0",90.0,High,"[ -8.59251343 -10.98204183 -11.32609095 ...  62.67463296  62.67463296
  62.67463296]","[   0.            0.            0.         ... 7205.55654508 7205.55654508
 7205.55654508]",[-1 -1 -1 ...  0  0  0]
"(33, 14, 52, 0, 1)_High_90.0",90.0,High,"[ -9.64829109 -12.02967315 -12.35674679 ...  62.44580022  62.44580022
  62.44580022]","[   0.            0.            0.         ... 1806.97213074 1806.97213074
 1806.97213074]",[-1 -1 -1 ...  0  0  0]
"(55, 9, 35, 0, 1)_High_90.0",90.0,High,"[-7.17516184 -9.53943327 -9.8915587  ... 63.10861094 63.10861094
 63.10861094]","[    0.             0.             0.         ... 13827.35930335
 13827.35930335 13827.35930335]",[-1 -1 -1 ...  0  0  0]
"(77, 4, 18, 0, 1)_High_92.5",92.5,High,"[-5.86885201 -7.43189334 -7.67567591 ... 63.37193319 63.37193319
 63.37193319]","[    0.             0.             0.         ... 17126.94444911
 17126.94444911 17126.94444911]",[-1 -1 -1 ...  0  0  0]
"(88, 7, 4, 0, 1)_High_92.5",92.5,High,"[-3.02639955 -3.70439056 -3.7810046  ... 64.57455596 64.57455596
 64.57455596]","[    0.             0.             0.         ... 26772.27540735
 26772.27540735 26772.27540735]",[-1 -1 -1 ...  0  0  0]
"(77, 5, 17, 0, 1)_High_92.5",92.5,High,"[-5.5312405  -7.08401187 -7.32458835 ... 63.49658808 63.49658808
 63.49658808]","[    0.             0.             0.         ... 18580.67870099
 18580.67870099 18580.67870099]",[-1 -1 -1 ...  0  0  0]
"(92, 3, 4, 0, 1)_High_92.5",92.5,High,"[-3.96981926 -4.55655203 -4.62524939 ... 64.1972656  64.1972656
 64.1972656 ]","[    0.             0.             0.         ... 22878.83956439
 22878.83956439 22878.83956439]",[-1 -1 -1 ...  0  0  0]
"(81, 7, 11, 0, 1)_High_92.5",92.5,High,"[-4.19951855 -5.45835488 -5.64415354 ... 64.02124112 64.02124112
 64.02124112]","[    0.             0.             0.         ... 23409.64836934
 23409.64836934 23409.64836934]",[-1 -1 -1 ...  0  0  0]
"(36, 10, 53, 0, 1)_High_92.5",92.5,High,"[-11.19428427 -13.01018327 -13.26367271 ...   6.37199176   6.37199176
   6.37199176]",[0. 0. 0. ... 0. 0. 0.],[-1 -1 -1 ... -1 -1 -1]
"(58, 8, 33, 0, 1)_High_92.5",92.5,High,"[ -8.02167403 -10.09019934 -10.40413088 ...  62.74973262  62.74973262
  62.74973262]","[   0.            0.            0.         ... 8525.37597024 8525.37597024
 8525.37597024]",[-1 -1 -1 ...  0  0  0]
"(36, 14, 49, 0, 1)_High_92.5",92.5,High,"[-10.36050078 -12.42733106 -12.71648521 ...   8.62115909   8.62115909
   8.62115909]",[0. 0. 0. ... 0. 0. 0.],[-1 -1 -1 ... -1 -1 -1]
"(58, 9, 32, 0, 1)_High_92.5",92.5,High,"[ -7.73758679  -9.83993822 -10.15885699 ...  62.84402866  62.84402866
  62.84402866]","[    0.             0.             0.         ... 10050.37170506
 10050.37170506 10050.37170506]",[-1 -1 -1 ...  0  0  0]
"(46, 12, 41, 0, 1)_High_92.5",92.5,High,"[ -9.11719129 -11.29168155 -11.60885847 ...  62.49372716  62.49372716
  62.49372716]","[   0.            0.            0.         ... 3291.37899152 3291.37899152
 3291.37899152]",[-1 -1 -1 ...  0  0  0]
"(78, 6, 15, 0, 1)_High_92.5",92.5,High,"[-5.03456764 -6.51603429 -6.74292155 ... 63.67868548 63.67868548
 63.67868548]","[    0.             0.             0.         ... 20514.78824402
 20514.78824402 20514.78824402]",[-1 -1 -1 ...  0  0  0]
"(93, 3, 3, 0, 1)_High_92.5",92.5,High,"[-3.80563759 -4.30210996 -4.3531099  ... 64.28044404 64.28044404
 64.28044404]","[    0.             0.             0.         ... 23359.21485553
 23359.21485553 23359.21485553]",[-1 -1 -1 ...  0  0  0]
"(46, 8, 45, 0, 1)_High_92.5",92.5,High,"[-10.07428277 -12.03635542 -12.32203517 ...   9.00199065   9.00199065
   9.00199065]",[0. 0. 0. ... 0. 0. 0.],[-1 -1 -1 ... -1 -1 -1]
"(91, 3, 5, 0, 1)_High_95.0",95.0,High,"[-4.77528122 -5.39489197 -5.47616372 ... 63.85640649 63.85640649
 63.85640649]","[    0.             0.             0.         ... 19477.30145775
 19477.30145775 19477.30145775]",[-1 -1 -1 ...  0  0  0]
"(70, 6, 23, 0, 1)_High_95.0",95.0,High,"[-7.67473653 -9.28560333 -9.54169161 ... 62.74426565 62.74426565
 62.74426565]","[   0.            0.            0.         ... 8432.86716309 8432.86716309
 8432.86716309]",[-1 -1 -1 ...  0  0  0]
"(92, 3, 4, 0, 1)_High_95.0",95.0,High,"[-4.61692078 -5.15229007 -5.21720886 ... 63.93455096 63.93455096
 63.93455096]","[    0.             0.             0.         ... 19971.80543393
 19971.80543393 19971.80543393]",[-1 -1 -1 ...  0  0  0]
"(48, 10, 41, 0, 1)_High_95.0",95.0,High,"[-10.52865914 -12.26431945 -12.52332053 ...   7.48957876   7.48957876
   7.48957876]",[0. 0. 0. ... 0. 0. 0.],[-1 -1 -1 ... -1 -1 -1]
"(34, 10, 55, 0, 1)_High_95.0",95.0,High,"[-12.71607982 -13.98016994 -14.15978387 ...   1.686407     1.686407
   1.686407  ]",[0. 0. 0. ... 0. 0. 0.],[-1 -1 -1 ... -1 -1 -1]
"(70, 8, 21, 0, 1)_High_95.0",95.0,High,"[-7.05683847 -8.68605357 -8.94321548 ... 62.94529654 62.94529654
 62.94529654]","[    0.             0.             0.         ... 11568.37241225
 11568.37241225 11568.37241225]",[-1 -1 -1 ...  0  0  0]
"(34, 13, 52, 0, 1)_High_95.0",95.0,High,"[-12.21873415 -13.66407187 -13.86808767 ...   3.21547653   3.21547653
   3.21547653]",[0. 0. 0. ... 0. 0. 0.],[-1 -1 -1 ... -1 -1 -1]
"(58, 10, 31, 0, 1)_High_95.0",95.0,High,"[ -8.78537053 -10.62271471 -10.90625904 ...  62.49553895  62.49553895
  62.49553895]","[   0.            0.            0.         ... 3340.40425782 3340.40425782
 3340.40425782]",[-1 -1 -1 ...  0  0  0]
"(93, 3, 3, 0, 1)_High_95.0",95.0,High,"[-4.45646017 -4.90407131 -4.95177552 ... 64.01569766 64.01569766
 64.01569766]","[    0.             0.             0.         ... 20466.30941011
 20466.30941011 20466.30941011]",[-1 -1 -1 ...  0  0  0]
"(58, 7, 34, 0, 1)_High_95.0",95.0,High,"[ -9.56635658 -11.29309304 -11.56035624 ...   9.54704897   9.54704897
   9.54704897]",[0. 0. 0. ... 0. 0. 0.],[-1 -1 -1 ... -1 -1 -1]
"(94, 2, 3, 0, 1)_High_95.0",95.0,High,"[-4.67968735 -5.1071172  -5.15325069 ... 63.91736943 63.91736943
 63.91736943]","[    0.             0.             0.         ... 19464.32224464
 19464.32224464 19464.32224464]",[-1 -1 -1 ...  0  0  0]
"(82, 5, 12, 0, 1)_High_97.5",97.5,High,"[-7.28248855 -8.24150415 -8.3989992  ... 62.80590885 62.80590885
 62.80590885]","[   0.           0.           0.        ... 8143.7239512 8143.7239512
 8143.7239512]",[-1 -1 -1 ...  0  0  0]
"(87, 8, 4, 0, 1)_High_97.5",97.5,High,"[-5.46916567 -5.9561954  -6.01893417 ... 63.57941018 63.57941018
 63.57941018]","[    0.             0.             0.         ... 15768.76423853
 15768.76423853 15768.76423853]",[-1 -1 -1 ...  0  0  0]
"(82, 7, 10, 0, 1)_High_97.5",97.5,High,"[-6.60745467 -7.51389833 -7.65801438 ... 63.07048614 63.07048614
 63.07048614]","[    0.             0.             0.         ... 11421.75216623
 11421.75216623 11421.75216623]",[-1 -1 -1 ...  0  0  0]
"(92, 3, 4, 0, 1)_High_97.5",97.5,High,"[-6.545875   -6.92069914 -6.97360222 ... 63.07178985 63.07178985
 63.07178985]","[    0.             0.             0.         ... 10281.69166573
 10281.69166573 10281.69166573]",[-1 -1 -1 ...  0  0  0]
"(83, 8, 8, 0, 1)_High_97.5",97.5,High,"[-6.09994668 -6.9023897  -7.02523726 ... 63.2851806  63.2851806
 63.2851806 ]","[    0.            0.            0.        ... 13602.3658667 13602.3658667
 13602.3658667]",[-1 -1 -1 ...  0  0  0]
"(93, 3, 3, 0, 1)_High_97.5",97.5,High,"[-6.39805752 -6.69343452 -6.7307287  ... 63.13789628 63.13789628
 63.13789628]","[    0.             0.             0.         ... 10823.29125869
 10823.29125869 10823.29125869]",[-1 -1 -1 ...  0  0  0]
"(88, 8, 3, 0, 1)_High_97.5",97.5,High,"[-5.30569917 -5.70444652 -5.74987135 ... 63.6620009  63.6620009
 63.6620009 ]","[    0.             0.             0.         ... 16310.36383149
 16310.36383149 16310.36383149]",[-1 -1 -1 ...  0  0  0]
"(70, 8, 21, 0, 1)_High_97.5",97.5,High,"[ -8.69830951 -10.03822929 -10.25869282 ...  62.44193942  62.44193942
  62.44193942]","[   0.            0.            0.         ... 1554.76990428 1554.76990428
 1554.76990428]",[-1 -1 -1 ...  0  0  0]
"(49, 8, 42, 0, 1)_High_97.5",97.5,High,"[-12.46766667 -13.57248476 -13.74815661 ...   1.68022672   1.68022672
   1.68022672]",[0. 0. 0. ... 0. 0. 0.],[-1 -1 -1 ... -1 -1 -1]
"(55, 11, 33, 0, 1)_High_97.5",97.5,High,"[-10.85745395 -12.25934188 -12.48238194 ...   5.97280157   5.97280157
   5.97280157]",[0. 0. 0. ... 0. 0. 0.],[-1 -1 -1 ... -1 -1 -1]
"(62, 10, 27, 0, 1)_High_97.5",97.5,High,"[ -9.76999568 -11.20557721 -11.43810872 ...   8.47127209   8.47127209
   8.47127209]",[0. 0. 0. ... 0. 0. 0.],[-1 -1 -1 ... -1 -1 -1]
"(39, 9, 51, 0, 1)_High_97.5",97.5,High,"[-13.72522252 -14.49562613 -14.61891467 ...  -2.12664995  -2.12664995
  -2.12664995]",[0. 0. 0. ... 0. 0. 0.],[-1 -1 -1 ... -1 -1 -1]
"(35, 8, 56, 0, 1)_High_97.5",97.5,High,"[-14.34317165 -14.87908426 -14.97025619 ...  -4.30614624  -4.30614624
  -4.30614624]",[0. 0. 0. ... 0. 0. 0.],[-1 -1 -1 ... -1 -1 -1]
"(32, 60, 7, 0, 1)_High_97.5",97.5,High,"[29.63161833 27.87852122 27.76583166 ... 67.72847281 67.72847281
 67.72847281]","[16297.45358363  9577.08406819  8606.14139364 ... 53641.35333564
 53641.35333564 53641.35333564]",[0 0 0 ... 0 0 0]
"(94, 2, 3, 0, 1)_High_97.5",97.5,High,"[-6.60364538 -6.87937663 -6.91513238 ... 63.03958616 63.03958616
 63.03958616]","[   0.            0.            0.         ... 9725.87674413 9725.87674413
 9725.87674413]",[-1 -1 -1 ...  0  0  0]
"(83, 6, 10, 0, 1)_High_99.0",99.0,High,"[-8.40732077 -9.08689496 -9.20689603 ... 62.4231193  62.4231193
 62.4231193 ]","[  0.           0.           0.         ... 637.93223008 637.93223008
 637.93223008]",[-1 -1 -1 ...  0  0  0]
"(86, 10, 3, 0, 1)_High_99.0",99.0,High,"[-6.59512556 -6.89661369 -6.93569517 ... 63.05010827 63.05010827
 63.05010827]","[   0.            0.            0.         ... 9530.16615284 9530.16615284
 9530.16615284]",[-1 -1 -1 ...  0  0  0]
"(83, 8, 8, 0, 1)_High_99.0",99.0,High,"[-7.75910644 -8.38079203 -8.4860553  ... 62.58657744 62.58657744
 62.58657744]","[   0.            0.            0.         ... 4201.00637685 4201.00637685
 4201.00637685]",[-1 -1 -1 ...  0  0  0]
"(93, 3, 3, 0, 1)_High_99.0",99.0,High,"[-8.03216204 -8.19090627 -8.21868256 ... 62.44425229 62.44425229
 62.44425229]","[   0.            0.            0.         ... 1180.27310727 1180.27310727
 1180.27310727]",[-1 -1 -1 ...  0  0  0]
"(85, 10, 4, 0, 1)_High_99.0",99.0,High,"[-6.75262947 -7.13791096 -7.19343751 ... 62.97992137 62.97992137
 62.97992137]","[   0.           0.           0.        ... 8941.4709431 8941.4709431
 8941.4709431]",[-1 -1 -1 ...  0  0  0]
"(32, 53, 14, 0, 1)_High_99.0",99.0,High,"[-0.49007334 -3.54282475 -3.97665878 ... 65.60455224 65.60455224
 65.60455224]","[    0.             0.             0.         ... 38177.61153863
 38177.61153863 38177.61153863]",[-1 -1 -1 ...  0  0  0]
"(94, 2, 3, 0, 1)_High_99.0",99.0,High,"[-8.22007277 -8.35989783 -8.38618508 ... 10.11978853 10.11978853
 10.11978853]",[0. 0. 0. ... 0. 0. 0.],[-1 -1 -1 ... -1 -1 -1]
"(85, 4, 10, 0, 1)_High_100.0",100.0,High,"[-12.47225242 -12.55327248 -12.60826718 ...  -0.70195356  -0.70195356
  -0.70195356]",[0. 0. 0. ... 0. 0. 0.],[-1 -1 -1 ... -1 -1 -1]
"(85, 5, 9, 0, 1)_High_100.0",100.0,High,"[-12.26322829 -12.33614907 -12.38815527 ...  -0.15537388  -0.15537388
  -0.15537388]",[0. 0. 0. ... 0. 0. 0.],[-1 -1 -1 ... -1 -1 -1]
"(86, 10, 3, 0, 1)_High_100.0",100.0,High,"[-10.93832309 -10.84570298 -10.85646046 ...   3.03210315   3.03210315
   3.03210315]",[0. 0. 0. ... 0. 0. 0.],[-1 -1 -1 ... -1 -1 -1]
"(32, 58, 9, 0, 1)_High_100.0",100.0,High,"[-3.79071651 -5.84098349 -6.13393444 ... 64.6418822  64.6418822
 64.6418822 ]","[    0.             0.             0.         ... 23499.15930751
 23499.15930751 23499.15930751]",[-1 -1 -1 ...  0  0  0]
"(94, 2, 3, 0, 1)_High_100.0",100.0,High,"[-12.09791627 -11.8697714  -11.86967029 ...  -0.16979103  -0.16979103
  -0.16979103]",[0. 0. 0. ... 0. 0. 0.],[-1 -1 -1 ... -1 -1 -1]
