scenario,iso,zone_label,threshold_start,threshold_end,year_start,year_end,marginal_mac,co2_displaced_mt,delta_cost_per_mwh,gas_backup_mw_start,gas_backup_mw_end,delta_gas_mw,new_gas_mw_end,delta_clean_firm_twh,delta_solar_twh,delta_wind_twh,delta_ccs_ccgt_twh,delta_hydro_twh,delta_battery_twh,delta_ldes_twh
A_PureConsequential,ERCOT,55→60%,55,60,2031,2033,34.5,37.85,1.83,124601,133052,8451,78052,0.0,3.4,112.5,0.0,0.0,0.0,0.0
A_PureConsequential,ERCOT,50→55%,50,55,2030,2031,43.5,32.46,1.96,122929,124601,1672,69601,8.4,38.4,29.4,0.0,0.0,0.0,0.0
A_PureConsequential,ERCOT,60→65%,60,65,2033,2034,46.6,35.11,0.57,133052,137393,4341,82393,1.7,17.5,3.4,0.0,0.0,0.0,0.0
A_PureConsequential,PJM,50→55%,50,55,2030,2031,54.5,51.03,2.27,203721,206680,2959,131680,0.6,72.8,0.0,0.0,0.0,0.0,0.0
A_PureConsequential,ERCOT,65→70%,65,70,2034,2035,58.4,32.11,1.39,137393,142630,5237,87630,0.0,0.0,21.0,0.0,0.0,0.0,0.0
A_PureConsequential,ERCOT,75→90%,75,90,2036,2040,68.7,100.39,3.12,144373,163342,18969,108342,20.7,41.8,102.1,0.0,0.0,0.0,0.0
A_PureConsequential,PJM,60→65%,60,65,2033,2034,70.2,49.68,1.37,216636,221248,4612,146248,6.8,0.0,70.4,0.0,0.0,0.0,0.0
A_PureConsequential,ERCOT,90→95%,90,95,2040,2045,73.2,68.54,5.53,163342,190373,27031,135373,37.7,14.3,262.4,0.0,0.0,0.0,0.0
A_PureConsequential,ERCOT,95→97.5%,95,97.5,2045,2048,73.6,45.25,7.12,190373,204610,14237,149610,26.1,102.4,218.8,0.0,0.0,0.0,0.0
A_PureConsequential,PJM,55→60%,55,60,2031,2033,75.3,55.82,1.27,206680,216636,9956,141636,14.1,15.9,2.6,0.0,0.0,0.0,0.0
A_PureConsequential,ERCOT,97.5→99%,97.5,99,2048,2049,76.1,20.53,9.48,204610,203214,-1396,148214,36.7,44.4,252.2,0.0,0.0,0.0,0.0
A_PureConsequential,ERCOT,99→100%,99,100,2049,2050,86.1,18.17,17.95,203214,186032,-17182,131032,56.3,453.1,0.0,0.0,0.0,0.0,0.0
A_PureConsequential,PJM,65→70%,65,70,2034,2035,97.6,46.55,0.55,221248,226748,5500,151748,7.4,0.0,11.0,0.0,0.0,0.0,0.0
A_PureConsequential,ERCOT,70→75%,70,75,2035,2036,98.8,30.76,1.69,142630,144373,1743,89373,26.2,9.2,0.0,0.0,0.0,0.0,0.0
A_PureConsequential,PJM,75→90%,75,90,2036,2040,106.3,141.4,9.78,229265,240329,11064,165329,92.1,52.2,217.0,0.0,0.0,0.0,0.0
A_PureConsequential,NEISO,70→75%,70,75,2035,2036,121.5,3.21,0.1,34899,35429,530,21429,1.3,0.0,2.9,0.0,0.1,0.0,0.0
A_PureConsequential,PJM,70→75%,70,75,2035,2036,123.8,44.83,2.71,226748,229265,2517,154265,27.3,12.7,0.0,0.0,0.0,0.0,0.0
A_PureConsequential,PJM,90→95%,90,95,2040,2045,129.7,84.61,10.75,240329,254892,14563,179892,162.1,0.0,227.6,0.0,2.4,0.0,0.0
A_PureConsequential,CAISO,95→97.5%,95,97.5,2045,2048,146.6,6.87,6.88,59628,59759,131,22759,0.0,96.2,0.0,0.0,8.9,0.0,3.5
A_PureConsequential,PJM,95→97.5%,95,97.5,2045,2048,157.1,52.58,12.38,254892,245192,-9700,170192,245.0,23.6,75.6,0.0,3.5,0.0,0.0
A_PureConsequential,CAISO,90→95%,90,95,2040,2045,162.2,11.21,13.02,56948,59628,2680,22628,13.3,37.1,67.0,0.0,12.1,0.0,0.0
A_PureConsequential,CAISO,75→90%,75,90,2036,2040,163.8,19.84,-8.48,51836,56948,5112,19948,0.0,0.0,21.9,0.0,1.8,0.0,0.0
A_PureConsequential,NEISO,60→65%,60,65,2033,2034,167.1,3.06,5.45,33868,34241,373,20241,0.6,0.0,18.3,0.0,0.3,0.0,0.0
A_PureConsequential,CAISO,97.5→99%,97.5,99,2048,2049,172.8,3.34,-1.22,59759,61431,1672,24431,0.0,0.0,0.0,0.0,0.0,0.0,0.1
A_PureConsequential,PJM,99→100%,99,100,2049,2050,175.2,20.57,45.42,218635,117802,-100833,42802,761.7,90.2,0.0,0.0,8.2,0.0,0.0
A_PureConsequential,NEISO,95→97.5%,95,97.5,2045,2048,176.7,3.93,12.74,38485,40079,1594,26079,2.5,1.6,44.9,0.0,2.2,0.0,0.0
A_PureConsequential,PJM,97.5→99%,97.5,99,2048,2049,177.4,24.19,12.77,245192,218635,-26557,143635,252.7,9.1,9.6,0.0,2.7,0.0,0.0
A_PureConsequential,CAISO,55→60%,55,60,2031,2033,181.1,5.52,3.77,54199,56166,1967,19166,0.0,1.5,28.8,0.0,1.0,0.0,0.0
A_PureConsequential,NEISO,97.5→99%,97.5,99,2048,2049,184.0,1.84,15.91,40079,38393,-1686,24393,4.5,48.3,0.0,0.0,1.3,0.0,0.0
A_PureConsequential,CAISO,60→65%,60,65,2033,2034,185.6,5.53,5.59,56166,52527,-3639,15527,26.4,24.0,7.9,0.0,6.9,0.0,0.0
A_PureConsequential,NEISO,55→60%,55,60,2031,2033,186.9,3.21,2.86,33331,33868,537,19868,4.1,3.3,14.1,0.0,0.0,0.0,0.0
A_PureConsequential,NEISO,50→55%,50,55,2030,2031,187.1,2.91,1.71,32799,33331,532,19331,0.6,2.0,0.0,0.0,0.0,0.0,0.0
A_PureConsequential,NYISO,90→95%,90,95,2040,2045,202.4,9.16,10.56,46713,50120,3407,32120,8.3,12.2,34.9,0.0,10.1,0.0,0.0
A_PureConsequential,NYISO,65→70%,65,70,2034,2035,203.0,4.22,0.93,43853,44466,613,26466,1.5,0.3,7.5,0.0,1.9,0.0,0.0
A_PureConsequential,CAISO,70→75%,70,75,2035,2036,203.7,5.89,9.26,50521,51836,1315,14836,0.0,0.0,0.0,0.0,0.0,0.0,0.0
A_PureConsequential,NYISO,70→75%,70,75,2035,2036,207.8,4.38,1.21,44466,45402,936,27402,0.0,2.2,1.7,0.0,0.5,0.0,0.0
A_PureConsequential,NYISO,55→60%,55,60,2031,2033,212.0,4.14,2.83,42355,43392,1037,25392,4.2,7.0,8.4,0.0,0.0,0.0,0.0
A_PureConsequential,NYISO,95→97.5%,95,97.5,2045,2048,213.2,5.68,13.65,50120,50956,836,32956,12.8,6.3,36.2,0.0,9.8,0.0,0.0
A_PureConsequential,NEISO,90→95%,90,95,2040,2045,214.2,6.43,12.33,36643,38485,1842,24485,14.0,0.0,30.9,0.0,1.9,0.0,0.0
A_PureConsequential,NEISO,75→90%,75,90,2036,2040,228.5,10.78,7.19,35429,36643,1214,22643,10.2,11.6,2.8,0.0,1.0,0.0,0.0
A_PureConsequential,NYISO,50→55%,50,55,2030,2031,238.6,3.69,1.84,42005,42355,350,24355,4.0,0.0,5.5,0.0,0.0,0.0,0.0
A_PureConsequential,CAISO,50→55%,50,55,2030,2031,238.9,5.52,8.67,55639,54199,-1440,17199,18.7,5.5,0.0,0.0,0.0,0.0,0.0
A_PureConsequential,NEISO,99→100%,99,100,2049,2050,240.8,1.54,-0.73,38393,39125,732,25125,1.2,1.4,0.0,0.0,0.2,0.0,0.0
A_PureConsequential,NYISO,75→90%,75,90,2036,2040,260.1,15.02,7.6,45402,46713,1311,28713,18.2,6.7,5.9,0.0,5.3,0.0,0.0
A_PureConsequential,CAISO,65→70%,65,70,2034,2035,272.1,5.7,6.26,52527,50521,-2006,13521,23.1,3.4,0.0,0.0,2.5,0.0,0.0
A_PureConsequential,CAISO,99→100%,99,100,2049,2050,290.7,2.74,10.52,61431,56761,-4670,19761,47.3,0.0,0.0,0.0,3.7,0.0,0.1
A_PureConsequential,NYISO,97.5→99%,97.5,99,2048,2049,302.6,2.68,16.71,50956,46588,-4368,28588,37.8,0.0,4.8,0.0,6.5,0.0,0.0
A_PureConsequential,NYISO,60→65%,60,65,2033,2034,318.2,4.07,2.14,43392,43853,461,25853,4.0,0.0,0.0,0.0,0.4,0.0,0.0
A_PureConsequential,NEISO,65→70%,65,70,2034,2035,356.5,3.13,1.86,34241,34899,658,20899,0.0,1.8,0.2,0.0,0.1,0.0,0.0
B_HourlyMatching,NYISO,65→70%,65,70,2034,2035,12.0,4.22,4.14,41370,42318,948,24318,0.9,0.0,0.0,0.0,0.0,0.0,0.0
B_HourlyMatching,ERCOT,55→60%,55,60,2031,2033,34.3,37.85,1.82,124601,133052,8451,78052,0.0,3.4,112.5,0.0,0.0,0.0,0.0
B_HourlyMatching,ERCOT,50→55%,50,55,2030,2031,43.2,32.46,1.9,122929,124601,1672,69601,8.4,38.4,29.4,0.0,0.0,0.0,0.0
B_HourlyMatching,ERCOT,60→65%,60,65,2033,2034,53.4,35.11,2.95,133052,134181,1129,79181,21.1,20.3,34.4,0.0,0.0,0.0,0.0
B_HourlyMatching,PJM,50→55%,50,55,2030,2031,54.5,51.03,2.27,203721,206680,2959,131680,0.6,72.8,0.0,0.0,0.0,0.0,0.0
B_HourlyMatching,ERCOT,65→70%,65,70,2034,2035,63.8,32.11,0.71,134181,137941,3760,82941,10.4,4.6,10.6,0.0,0.0,0.0,0.0
B_HourlyMatching,CAISO,75→90%,75,90,2036,2040,70.5,19.84,0.07,46015,46908,893,9908,35.1,0.0,5.0,0.0,0.0,0.0,0.0
B_HourlyMatching,PJM,55→60%,55,60,2031,2033,73.7,55.82,1.2,206680,216636,9956,141636,14.1,15.9,2.6,0.0,0.0,0.0,0.0
B_HourlyMatching,ERCOT,97.5→99%,97.5,99,2048,2049,74.2,20.53,4.26,165024,156441,-8583,101441,114.4,14.1,87.6,0.0,0.0,0.0,0.0
B_HourlyMatching,ERCOT,75→90%,75,90,2036,2040,75.3,100.39,3.27,139792,148465,8673,93465,112.0,0.0,63.0,0.0,0.0,0.0,0.0
B_HourlyMatching,ERCOT,90→95%,90,95,2040,2045,75.8,68.54,1.09,148465,167776,19311,112776,108.3,33.7,59.5,0.0,0.0,0.0,0.0
B_HourlyMatching,ERCOT,95→97.5%,95,97.5,2045,2048,87.3,45.25,3.29,167776,165024,-2752,110024,193.9,21.2,19.3,0.0,0.0,0.0,0.0
B_HourlyMatching,PJM,60→65%,60,65,2033,2034,87.7,49.68,6.01,216636,213400,-3236,138400,63.1,0.0,70.4,0.0,0.0,0.0,0.0
B_HourlyMatching,PJM,90→95%,90,95,2040,2045,88.2,84.61,-0.4,193536,212281,18745,137281,150.6,0.0,45.7,0.0,1.6,0.0,0.0
B_HourlyMatching,CAISO,90→95%,90,95,2040,2045,93.5,11.21,-5.14,46908,50003,3095,13003,30.5,9.6,0.0,0.0,1.2,0.0,0.0
B_HourlyMatching,ERCOT,70→75%,70,75,2035,2036,94.0,30.76,1.58,137941,139792,1851,84792,26.7,4.8,0.0,0.0,0.0,0.0,0.0
B_HourlyMatching,PJM,95→97.5%,95,97.5,2045,2048,95.9,52.58,-0.48,212281,215446,3165,140446,168.2,0.0,0.0,0.0,1.4,0.0,0.0
B_HourlyMatching,ERCOT,99→100%,99,100,2049,2050,98.0,18.17,29.53,156441,137534,-18907,82534,0.0,613.4,0.0,0.0,0.0,0.0,23.1
B_HourlyMatching,CAISO,95→97.5%,95,97.5,2045,2048,98.7,6.87,-2.84,50003,51954,1951,14954,13.7,7.7,12.5,0.0,10.1,0.0,0.0
B_HourlyMatching,PJM,75→90%,75,90,2036,2040,99.3,141.4,2.98,204516,193536,-10980,118536,283.4,0.6,42.4,0.0,0.0,0.0,0.0
B_HourlyMatching,PJM,97.5→99%,97.5,99,2048,2049,101.7,24.19,3.54,215446,195652,-19794,120652,207.4,1.6,0.0,0.0,2.7,0.0,0.0
B_HourlyMatching,PJM,65→70%,65,70,2034,2035,108.3,46.55,1.35,213400,209798,-3602,134798,71.9,0.0,20.7,0.0,0.0,0.0,0.0
B_HourlyMatching,PJM,99→100%,99,100,2049,2050,108.9,20.57,20.97,195652,117890,-77762,42890,614.9,0.0,90.0,0.0,6.6,0.0,0.0
B_HourlyMatching,NEISO,97.5→99%,97.5,99,2048,2049,111.0,1.84,-1.97,31671,31551,-120,17551,7.2,0.0,0.0,0.0,1.6,0.0,0.0
B_HourlyMatching,PJM,70→75%,70,75,2035,2036,119.4,44.83,5.18,209798,204516,-5282,129516,87.1,0.0,0.0,0.0,0.0,0.0,0.0
B_HourlyMatching,CAISO,99→100%,99,100,2049,2050,125.1,2.74,21.71,45723,40076,-5647,3076,0.0,168.5,0.0,0.0,12.3,0.0,0.0
B_HourlyMatching,CAISO,97.5→99%,97.5,99,2048,2049,131.4,3.34,5.57,51954,45723,-6231,8723,53.6,15.2,0.0,0.0,5.7,0.0,0.0
B_HourlyMatching,NYISO,95→97.5%,95,97.5,2045,2048,132.3,5.68,-1.35,42661,45025,2364,27025,11.6,0.0,1.7,0.0,0.9,0.0,0.0
B_HourlyMatching,CAISO,60→65%,60,65,2033,2034,132.9,5.53,1.81,49462,50647,1185,13647,0.0,0.0,6.2,0.0,0.0,0.0,0.0
B_HourlyMatching,NYISO,90→95%,90,95,2040,2045,149.6,9.16,-3.52,39756,42661,2905,24661,18.6,5.1,0.2,0.0,7.9,0.0,0.0
B_HourlyMatching,NEISO,65→70%,65,70,2034,2035,150.5,3.13,2.07,31970,32509,539,18509,0.0,0.2,11.8,0.0,0.5,0.0,0.0
B_HourlyMatching,NEISO,90→95%,90,95,2040,2045,159.3,6.43,-2.05,30211,31570,1359,17570,21.5,0.0,0.0,0.0,0.4,0.0,0.0
B_HourlyMatching,NEISO,95→97.5%,95,97.5,2045,2048,163.3,3.93,-1.04,31570,31671,101,17671,19.7,0.0,0.0,0.0,0.1,0.0,0.0
B_HourlyMatching,CAISO,55→60%,55,60,2031,2033,164.8,5.52,14.96,54199,49462,-4737,12462,29.4,58.7,30.5,0.0,10.8,0.0,0.0
B_HourlyMatching,NYISO,97.5→99%,97.5,99,2048,2049,174.5,2.68,4.47,45025,41780,-3245,23780,30.2,0.0,0.0,0.0,6.4,0.0,0.0
B_HourlyMatching,NEISO,75→90%,75,90,2036,2040,183.6,10.78,14.35,31962,30211,-1751,16211,33.9,4.2,6.2,0.0,1.6,0.0,0.0
B_HourlyMatching,NEISO,55→60%,55,60,2031,2033,184.2,3.21,2.66,33331,33868,537,19868,4.1,3.3,14.1,0.0,0.0,0.0,0.0
B_HourlyMatching,NEISO,99→100%,99,100,2049,2050,184.5,1.54,31.87,31551,19769,-11782,5769,89.9,11.1,0.0,0.0,3.4,0.0,0.0
B_HourlyMatching,NEISO,50→55%,50,55,2030,2031,184.6,2.91,1.68,32799,33331,532,19331,0.6,2.0,0.0,0.0,0.0,0.0,0.0
B_HourlyMatching,NYISO,75→90%,75,90,2036,2040,192.6,15.02,6.8,41187,39756,-1431,21756,40.6,1.3,0.0,0.0,4.3,0.0,0.0
B_HourlyMatching,NEISO,70→75%,70,75,2035,2036,205.0,3.21,5.43,32509,31962,-547,17962,8.8,0.0,6.5,0.0,0.5,0.0,0.0
B_HourlyMatching,NYISO,55→60%,55,60,2031,2033,208.4,4.14,2.64,42355,43392,1037,25392,4.2,7.0,8.4,0.0,0.0,0.0,0.0
B_HourlyMatching,CAISO,70→75%,70,75,2035,2036,212.3,5.89,4.55,49331,46015,-3316,9015,31.7,1.1,4.8,0.0,6.3,0.0,0.0
B_HourlyMatching,NYISO,70→75%,70,75,2035,2036,224.3,4.38,0.89,42318,41187,-1131,23187,11.7,8.8,0.0,0.0,3.1,0.0,0.0
B_HourlyMatching,CAISO,65→70%,65,70,2034,2035,230.0,5.7,1.67,50647,49331,-1316,12331,20.1,0.0,0.0,0.0,0.0,0.0,0.0
B_HourlyMatching,CAISO,50→55%,50,55,2030,2031,232.7,5.52,8.35,55639,54199,-1440,17199,18.7,5.5,0.0,0.0,0.0,0.0,0.0
B_HourlyMatching,NYISO,50→55%,50,55,2030,2031,235.3,3.69,1.74,42005,42355,350,24355,4.0,0.0,5.5,0.0,0.0,0.0,0.0
B_HourlyMatching,NYISO,60→65%,60,65,2033,2034,264.7,4.07,7.17,43392,41370,-2022,23370,18.7,2.0,5.1,0.0,4.4,0.0,0.0
B_HourlyMatching,NEISO,60→65%,60,65,2033,2034,282.7,3.06,8.91,33868,31970,-1898,17970,19.3,0.0,0.0,0.0,0.5,0.0,0.0
