datetime_utc,datetime_local,date_local,hour_local,fuel,fuel_code,mw
2025-03-08 00:00,2025-03-07 18:00,2025-03-07,18,BATTERY,BAT,1020.0
2025-03-08 00:00,2025-03-07 18:00,2025-03-07,18,COAL,COL,5786.0
2025-03-08 00:00,2025-03-07 18:00,2025-03-07,18,GAS,NG,25076.0
2025-03-08 00:00,2025-03-07 18:00,2025-03-07,18,NUCLEAR,NUC,5102.0
2025-03-08 00:00,2025-03-07 18:00,2025-03-07,18,OTHER,OTH,1.0
2025-03-08 00:00,2025-03-07 18:00,2025-03-07,18,SOLAR,SUN,9048.0
2025-03-08 00:00,2025-03-07 18:00,2025-03-07,18,HYDRO,WAT,0.0
2025-03-08 00:00,2025-03-07 18:00,2025-03-07,18,WIND,WND,6068.0
2025-03-08 01:00,2025-03-07 19:00,2025-03-07,19,BATTERY,BAT,2765.0
2025-03-08 01:00,2025-03-07 19:00,2025-03-07,19,COAL,COL,5917.0
2025-03-08 01:00,2025-03-07 19:00,2025-03-07,19,GAS,NG,28933.0
2025-03-08 01:00,2025-03-07 19:00,2025-03-07,19,NUCLEAR,NUC,5102.0
2025-03-08 01:00,2025-03-07 19:00,2025-03-07,19,OTHER,OTH,2.0
2025-03-08 01:00,2025-03-07 19:00,2025-03-07,19,SOLAR,SUN,760.0
2025-03-08 01:00,2025-03-07 19:00,2025-03-07,19,HYDRO,WAT,66.0
2025-03-08 01:00,2025-03-07 19:00,2025-03-07,19,WIND,WND,7369.0
2025-03-08 02:00,2025-03-07 20:00,2025-03-07,20,BATTERY,BAT,2012.0
2025-03-08 02:00,2025-03-07 20:00,2025-03-07,20,COAL,COL,6018.0
2025-03-08 02:00,2025-03-07 20:00,2025-03-07,20,GAS,NG,27688.0
2025-03-08 02:00,2025-03-07 20:00,2025-03-07,20,NUCLEAR,NUC,5101.0
2025-03-08 02:00,2025-03-07 20:00,2025-03-07,20,OTHER,OTH,2.0
2025-03-08 02:00,2025-03-07 20:00,2025-03-07,20,SOLAR,SUN,0.0
2025-03-08 02:00,2025-03-07 20:00,2025-03-07,20,HYDRO,WAT,94.0
2025-03-08 02:00,2025-03-07 20:00,2025-03-07,20,WIND,WND,9035.0
2025-03-08 03:00,2025-03-07 21:00,2025-03-07,21,BATTERY,BAT,709.0
2025-03-08 03:00,2025-03-07 21:00,2025-03-07,21,COAL,COL,5968.0
2025-03-08 03:00,2025-03-07 21:00,2025-03-07,21,GAS,NG,24520.0
2025-03-08 03:00,2025-03-07 21:00,2025-03-07,21,NUCLEAR,NUC,5102.0
2025-03-08 03:00,2025-03-07 21:00,2025-03-07,21,OTHER,OTH,1.0
2025-03-08 03:00,2025-03-07 21:00,2025-03-07,21,SOLAR,SUN,0.0
2025-03-08 03:00,2025-03-07 21:00,2025-03-07,21,HYDRO,WAT,26.0
2025-03-08 03:00,2025-03-07 21:00,2025-03-07,21,WIND,WND,13297.0
2025-03-08 04:00,2025-03-07 22:00,2025-03-07,22,BATTERY,BAT,274.0
2025-03-08 04:00,2025-03-07 22:00,2025-03-07,22,COAL,COL,5966.0
2025-03-08 04:00,2025-03-07 22:00,2025-03-07,22,GAS,NG,20752.0
2025-03-08 04:00,2025-03-07 22:00,2025-03-07,22,NUCLEAR,NUC,5101.0
2025-03-08 04:00,2025-03-07 22:00,2025-03-07,22,OTHER,OTH,2.0
2025-03-08 04:00,2025-03-07 22:00,2025-03-07,22,SOLAR,SUN,0.0
2025-03-08 04:00,2025-03-07 22:00,2025-03-07,22,HYDRO,WAT,0.0
2025-03-08 04:00,2025-03-07 22:00,2025-03-07,22,WIND,WND,16435.0
2025-03-08 05:00,2025-03-07 23:00,2025-03-07,23,BATTERY,BAT,124.0
2025-03-08 05:00,2025-03-07 23:00,2025-03-07,23,COAL,COL,6067.0
2025-03-08 05:00,2025-03-07 23:00,2025-03-07,23,GAS,NG,17222.0
2025-03-08 05:00,2025-03-07 23:00,2025-03-07,23,NUCLEAR,NUC,5101.0
2025-03-08 05:00,2025-03-07 23:00,2025-03-07,23,OTHER,OTH,1.0
2025-03-08 05:00,2025-03-07 23:00,2025-03-07,23,SOLAR,SUN,0.0
2025-03-08 05:00,2025-03-07 23:00,2025-03-07,23,HYDRO,WAT,0.0
2025-03-08 05:00,2025-03-07 23:00,2025-03-07,23,WIND,WND,18243.0
2025-03-08 06:00,2025-03-08 00:00,2025-03-08,0,BATTERY,BAT,142.0
2025-03-08 06:00,2025-03-08 00:00,2025-03-08,0,COAL,COL,5442.0
2025-03-08 06:00,2025-03-08 00:00,2025-03-08,0,GAS,NG,13515.0
2025-03-08 06:00,2025-03-08 00:00,2025-03-08,0,NUCLEAR,NUC,5101.0
2025-03-08 06:00,2025-03-08 00:00,2025-03-08,0,OTHER,OTH,1.0
2025-03-08 06:00,2025-03-08 00:00,2025-03-08,0,SOLAR,SUN,0.0
2025-03-08 06:00,2025-03-08 00:00,2025-03-08,0,HYDRO,WAT,0.0
2025-03-08 06:00,2025-03-08 00:00,2025-03-08,0,WIND,WND,20887.0
2025-03-08 07:00,2025-03-08 01:00,2025-03-08,1,BATTERY,BAT,134.0
2025-03-08 07:00,2025-03-08 01:00,2025-03-08,1,COAL,COL,4922.0
2025-03-08 07:00,2025-03-08 01:00,2025-03-08,1,GAS,NG,10664.0
2025-03-08 07:00,2025-03-08 01:00,2025-03-08,1,NUCLEAR,NUC,5101.0
2025-03-08 07:00,2025-03-08 01:00,2025-03-08,1,OTHER,OTH,1.0
2025-03-08 07:00,2025-03-08 01:00,2025-03-08,1,SOLAR,SUN,0.0
2025-03-08 07:00,2025-03-08 01:00,2025-03-08,1,HYDRO,WAT,0.0
2025-03-08 07:00,2025-03-08 01:00,2025-03-08,1,WIND,WND,22648.0
2025-03-08 08:00,2025-03-08 02:00,2025-03-08,2,BATTERY,BAT,54.0
2025-03-08 08:00,2025-03-08 02:00,2025-03-08,2,COAL,COL,4722.0
2025-03-08 08:00,2025-03-08 02:00,2025-03-08,2,GAS,NG,10090.0
2025-03-08 08:00,2025-03-08 02:00,2025-03-08,2,NUCLEAR,NUC,5101.0
2025-03-08 08:00,2025-03-08 02:00,2025-03-08,2,OTHER,OTH,1.0
2025-03-08 08:00,2025-03-08 02:00,2025-03-08,2,SOLAR,SUN,0.0
2025-03-08 08:00,2025-03-08 02:00,2025-03-08,2,HYDRO,WAT,0.0
2025-03-08 08:00,2025-03-08 02:00,2025-03-08,2,WIND,WND,22676.0
2025-03-08 09:00,2025-03-08 03:00,2025-03-08,3,BATTERY,BAT,61.0
2025-03-08 09:00,2025-03-08 03:00,2025-03-08,3,COAL,COL,3927.0
2025-03-08 09:00,2025-03-08 03:00,2025-03-08,3,GAS,NG,9977.0
2025-03-08 09:00,2025-03-08 03:00,2025-03-08,3,NUCLEAR,NUC,5102.0
2025-03-08 09:00,2025-03-08 03:00,2025-03-08,3,OTHER,OTH,1.0
2025-03-08 09:00,2025-03-08 03:00,2025-03-08,3,SOLAR,SUN,1.0
2025-03-08 09:00,2025-03-08 03:00,2025-03-08,3,HYDRO,WAT,18.0
2025-03-08 09:00,2025-03-08 03:00,2025-03-08,3,WIND,WND,22412.0
2025-03-08 10:00,2025-03-08 04:00,2025-03-08,4,BATTERY,BAT,83.0
2025-03-08 10:00,2025-03-08 04:00,2025-03-08,4,COAL,COL,3779.0
2025-03-08 10:00,2025-03-08 04:00,2025-03-08,4,GAS,NG,9964.0
2025-03-08 10:00,2025-03-08 04:00,2025-03-08,4,NUCLEAR,NUC,5102.0
2025-03-08 10:00,2025-03-08 04:00,2025-03-08,4,OTHER,OTH,1.0
2025-03-08 10:00,2025-03-08 04:00,2025-03-08,4,SOLAR,SUN,1.0
2025-03-08 10:00,2025-03-08 04:00,2025-03-08,4,HYDRO,WAT,19.0
2025-03-08 10:00,2025-03-08 04:00,2025-03-08,4,WIND,WND,21725.0
2025-03-08 11:00,2025-03-08 05:00,2025-03-08,5,BATTERY,BAT,62.0
2025-03-08 11:00,2025-03-08 05:00,2025-03-08,5,COAL,COL,4243.0
2025-03-08 11:00,2025-03-08 05:00,2025-03-08,5,GAS,NG,10040.0
2025-03-08 11:00,2025-03-08 05:00,2025-03-08,5,NUCLEAR,NUC,5101.0
2025-03-08 11:00,2025-03-08 05:00,2025-03-08,5,OTHER,OTH,1.0
2025-03-08 11:00,2025-03-08 05:00,2025-03-08,5,SOLAR,SUN,1.0
2025-03-08 11:00,2025-03-08 05:00,2025-03-08,5,HYDRO,WAT,18.0
2025-03-08 11:00,2025-03-08 05:00,2025-03-08,5,WIND,WND,21038.0
2025-03-08 12:00,2025-03-08 06:00,2025-03-08,6,BATTERY,BAT,127.0
2025-03-08 12:00,2025-03-08 06:00,2025-03-08,6,COAL,COL,4648.0
2025-03-08 12:00,2025-03-08 06:00,2025-03-08,6,GAS,NG,10083.0
2025-03-08 12:00,2025-03-08 06:00,2025-03-08,6,NUCLEAR,NUC,5100.0
2025-03-08 12:00,2025-03-08 06:00,2025-03-08,6,OTHER,OTH,1.0
2025-03-08 12:00,2025-03-08 06:00,2025-03-08,6,SOLAR,SUN,1.0
2025-03-08 12:00,2025-03-08 06:00,2025-03-08,6,HYDRO,WAT,15.0
2025-03-08 12:00,2025-03-08 06:00,2025-03-08,6,WIND,WND,21134.0
2025-03-08 13:00,2025-03-08 07:00,2025-03-08,7,BATTERY,BAT,128.0
2025-03-08 13:00,2025-03-08 07:00,2025-03-08,7,COAL,COL,5399.0
2025-03-08 13:00,2025-03-08 07:00,2025-03-08,7,GAS,NG,10362.0
2025-03-08 13:00,2025-03-08 07:00,2025-03-08,7,NUCLEAR,NUC,5101.0
2025-03-08 13:00,2025-03-08 07:00,2025-03-08,7,OTHER,OTH,1.0
2025-03-08 13:00,2025-03-08 07:00,2025-03-08,7,SOLAR,SUN,3.0
2025-03-08 13:00,2025-03-08 07:00,2025-03-08,7,HYDRO,WAT,0.0
2025-03-08 13:00,2025-03-08 07:00,2025-03-08,7,WIND,WND,21162.0
2025-03-08 14:00,2025-03-08 08:00,2025-03-08,8,BATTERY,BAT,302.0
2025-03-08 14:00,2025-03-08 08:00,2025-03-08,8,COAL,COL,5756.0
2025-03-08 14:00,2025-03-08 08:00,2025-03-08,8,GAS,NG,10699.0
2025-03-08 14:00,2025-03-08 08:00,2025-03-08,8,NUCLEAR,NUC,5102.0
2025-03-08 14:00,2025-03-08 08:00,2025-03-08,8,OTHER,OTH,1.0
2025-03-08 14:00,2025-03-08 08:00,2025-03-08,8,SOLAR,SUN,913.0
2025-03-08 14:00,2025-03-08 08:00,2025-03-08,8,HYDRO,WAT,0.0
2025-03-08 14:00,2025-03-08 08:00,2025-03-08,8,WIND,WND,20502.0
2025-03-08 15:00,2025-03-08 09:00,2025-03-08,9,BATTERY,BAT,193.0
2025-03-08 15:00,2025-03-08 09:00,2025-03-08,9,COAL,COL,5430.0
2025-03-08 15:00,2025-03-08 09:00,2025-03-08,9,GAS,NG,10212.0
2025-03-08 15:00,2025-03-08 09:00,2025-03-08,9,NUCLEAR,NUC,5101.0
2025-03-08 15:00,2025-03-08 09:00,2025-03-08,9,OTHER,OTH,1.0
2025-03-08 15:00,2025-03-08 09:00,2025-03-08,9,SOLAR,SUN,5136.0
2025-03-08 15:00,2025-03-08 09:00,2025-03-08,9,HYDRO,WAT,0.0
2025-03-08 15:00,2025-03-08 09:00,2025-03-08,9,WIND,WND,19837.0
2025-03-08 16:00,2025-03-08 10:00,2025-03-08,10,BATTERY,BAT,166.0
2025-03-08 16:00,2025-03-08 10:00,2025-03-08,10,COAL,COL,5109.0
2025-03-08 16:00,2025-03-08 10:00,2025-03-08,10,GAS,NG,10376.0
2025-03-08 16:00,2025-03-08 10:00,2025-03-08,10,NUCLEAR,NUC,5101.0
2025-03-08 16:00,2025-03-08 10:00,2025-03-08,10,OTHER,OTH,1.0
2025-03-08 16:00,2025-03-08 10:00,2025-03-08,10,SOLAR,SUN,8827.0
2025-03-08 16:00,2025-03-08 10:00,2025-03-08,10,HYDRO,WAT,0.0
2025-03-08 16:00,2025-03-08 10:00,2025-03-08,10,WIND,WND,17945.0
2025-03-08 17:00,2025-03-08 11:00,2025-03-08,11,BATTERY,BAT,149.0
2025-03-08 17:00,2025-03-08 11:00,2025-03-08,11,COAL,COL,5254.0
2025-03-08 17:00,2025-03-08 11:00,2025-03-08,11,GAS,NG,10679.0
2025-03-08 17:00,2025-03-08 11:00,2025-03-08,11,NUCLEAR,NUC,5101.0
2025-03-08 17:00,2025-03-08 11:00,2025-03-08,11,OTHER,OTH,1.0
2025-03-08 17:00,2025-03-08 11:00,2025-03-08,11,SOLAR,SUN,11515.0
2025-03-08 17:00,2025-03-08 11:00,2025-03-08,11,HYDRO,WAT,0.0
2025-03-08 17:00,2025-03-08 11:00,2025-03-08,11,WIND,WND,16380.0
2025-03-08 18:00,2025-03-08 12:00,2025-03-08,12,BATTERY,BAT,170.0
2025-03-08 18:00,2025-03-08 12:00,2025-03-08,12,COAL,COL,5445.0
2025-03-08 18:00,2025-03-08 12:00,2025-03-08,12,GAS,NG,11274.0
2025-03-08 18:00,2025-03-08 12:00,2025-03-08,12,NUCLEAR,NUC,5100.0
2025-03-08 18:00,2025-03-08 12:00,2025-03-08,12,OTHER,OTH,1.0
2025-03-08 18:00,2025-03-08 12:00,2025-03-08,12,SOLAR,SUN,12848.0
2025-03-08 18:00,2025-03-08 12:00,2025-03-08,12,HYDRO,WAT,11.0
2025-03-08 18:00,2025-03-08 12:00,2025-03-08,12,WIND,WND,15368.0
2025-03-08 19:00,2025-03-08 13:00,2025-03-08,13,BATTERY,BAT,261.0
2025-03-08 19:00,2025-03-08 13:00,2025-03-08,13,COAL,COL,6244.0
2025-03-08 19:00,2025-03-08 13:00,2025-03-08,13,GAS,NG,12755.0
2025-03-08 19:00,2025-03-08 13:00,2025-03-08,13,NUCLEAR,NUC,5099.0
2025-03-08 19:00,2025-03-08 13:00,2025-03-08,13,OTHER,OTH,1.0
2025-03-08 19:00,2025-03-08 13:00,2025-03-08,13,SOLAR,SUN,12727.0
2025-03-08 19:00,2025-03-08 13:00,2025-03-08,13,HYDRO,WAT,4.0
2025-03-08 19:00,2025-03-08 13:00,2025-03-08,13,WIND,WND,14628.0
2025-03-08 20:00,2025-03-08 14:00,2025-03-08,14,BATTERY,BAT,290.0
2025-03-08 20:00,2025-03-08 14:00,2025-03-08,14,COAL,COL,6571.0
2025-03-08 20:00,2025-03-08 14:00,2025-03-08,14,GAS,NG,13000.0
2025-03-08 20:00,2025-03-08 14:00,2025-03-08,14,NUCLEAR,NUC,5098.0
2025-03-08 20:00,2025-03-08 14:00,2025-03-08,14,OTHER,OTH,1.0
2025-03-08 20:00,2025-03-08 14:00,2025-03-08,14,SOLAR,SUN,12408.0
2025-03-08 20:00,2025-03-08 14:00,2025-03-08,14,HYDRO,WAT,0.0
2025-03-08 20:00,2025-03-08 14:00,2025-03-08,14,WIND,WND,14746.0
2025-03-08 21:00,2025-03-08 15:00,2025-03-08,15,BATTERY,BAT,741.0
2025-03-08 21:00,2025-03-08 15:00,2025-03-08,15,COAL,COL,6494.0
2025-03-08 21:00,2025-03-08 15:00,2025-03-08,15,GAS,NG,14709.0
2025-03-08 21:00,2025-03-08 15:00,2025-03-08,15,NUCLEAR,NUC,5097.0
2025-03-08 21:00,2025-03-08 15:00,2025-03-08,15,OTHER,OTH,1.0
2025-03-08 21:00,2025-03-08 15:00,2025-03-08,15,SOLAR,SUN,11712.0
2025-03-08 21:00,2025-03-08 15:00,2025-03-08,15,HYDRO,WAT,0.0
2025-03-08 21:00,2025-03-08 15:00,2025-03-08,15,WIND,WND,13926.0
2025-03-08 22:00,2025-03-08 16:00,2025-03-08,16,BATTERY,BAT,429.0
2025-03-08 22:00,2025-03-08 16:00,2025-03-08,16,COAL,COL,6649.0
2025-03-08 22:00,2025-03-08 16:00,2025-03-08,16,GAS,NG,15792.0
2025-03-08 22:00,2025-03-08 16:00,2025-03-08,16,NUCLEAR,NUC,5097.0
2025-03-08 22:00,2025-03-08 16:00,2025-03-08,16,OTHER,OTH,1.0
2025-03-08 22:00,2025-03-08 16:00,2025-03-08,16,SOLAR,SUN,10832.0
2025-03-08 22:00,2025-03-08 16:00,2025-03-08,16,HYDRO,WAT,0.0
2025-03-08 22:00,2025-03-08 16:00,2025-03-08,16,WIND,WND,14525.0
2025-03-08 23:00,2025-03-08 17:00,2025-03-08,17,BATTERY,BAT,155.0
2025-03-08 23:00,2025-03-08 17:00,2025-03-08,17,COAL,COL,6582.0
2025-03-08 23:00,2025-03-08 17:00,2025-03-08,17,GAS,NG,15690.0
2025-03-08 23:00,2025-03-08 17:00,2025-03-08,17,NUCLEAR,NUC,5096.0
2025-03-08 23:00,2025-03-08 17:00,2025-03-08,17,OTHER,OTH,1.0
2025-03-08 23:00,2025-03-08 17:00,2025-03-08,17,SOLAR,SUN,9188.0
2025-03-08 23:00,2025-03-08 17:00,2025-03-08,17,HYDRO,WAT,0.0
2025-03-08 23:00,2025-03-08 17:00,2025-03-08,17,WIND,WND,16408.0
2025-03-09 00:00,2025-03-08 18:00,2025-03-08,18,BATTERY,BAT,363.0
2025-03-09 00:00,2025-03-08 18:00,2025-03-08,18,COAL,COL,6533.0
2025-03-09 00:00,2025-03-08 18:00,2025-03-08,18,GAS,NG,16345.0
2025-03-09 00:00,2025-03-08 18:00,2025-03-08,18,NUCLEAR,NUC,5095.0
2025-03-09 00:00,2025-03-08 18:00,2025-03-08,18,OTHER,OTH,1.0
2025-03-09 00:00,2025-03-08 18:00,2025-03-08,18,SOLAR,SUN,4879.0
2025-03-09 00:00,2025-03-08 18:00,2025-03-08,18,HYDRO,WAT,0.0
2025-03-09 00:00,2025-03-08 18:00,2025-03-08,18,WIND,WND,19084.0
2025-03-09 01:00,2025-03-08 19:00,2025-03-08,19,BATTERY,BAT,1176.0
2025-03-09 01:00,2025-03-08 19:00,2025-03-08,19,COAL,COL,6345.0
2025-03-09 01:00,2025-03-08 19:00,2025-03-08,19,GAS,NG,18896.0
2025-03-09 01:00,2025-03-08 19:00,2025-03-08,19,NUCLEAR,NUC,5096.0
2025-03-09 01:00,2025-03-08 19:00,2025-03-08,19,OTHER,OTH,1.0
2025-03-09 01:00,2025-03-08 19:00,2025-03-08,19,SOLAR,SUN,565.0
2025-03-09 01:00,2025-03-08 19:00,2025-03-08,19,HYDRO,WAT,67.0
2025-03-09 01:00,2025-03-08 19:00,2025-03-08,19,WIND,WND,19620.0
2025-03-09 02:00,2025-03-08 20:00,2025-03-08,20,BATTERY,BAT,1054.0
2025-03-09 02:00,2025-03-08 20:00,2025-03-08,20,COAL,COL,6588.0
2025-03-09 02:00,2025-03-08 20:00,2025-03-08,20,GAS,NG,19092.0
2025-03-09 02:00,2025-03-08 20:00,2025-03-08,20,NUCLEAR,NUC,5095.0
2025-03-09 02:00,2025-03-08 20:00,2025-03-08,20,OTHER,OTH,1.0
2025-03-09 02:00,2025-03-08 20:00,2025-03-08,20,SOLAR,SUN,0.0
2025-03-09 02:00,2025-03-08 20:00,2025-03-08,20,HYDRO,WAT,94.0
2025-03-09 02:00,2025-03-08 20:00,2025-03-08,20,WIND,WND,20027.0
2025-03-09 03:00,2025-03-08 21:00,2025-03-08,21,BATTERY,BAT,1054.0
2025-03-09 03:00,2025-03-08 21:00,2025-03-08,21,COAL,COL,6587.0
2025-03-09 03:00,2025-03-08 21:00,2025-03-08,21,GAS,NG,18045.0
2025-03-09 03:00,2025-03-08 21:00,2025-03-08,21,NUCLEAR,NUC,5022.0
2025-03-09 03:00,2025-03-08 21:00,2025-03-08,21,OTHER,OTH,1.0
2025-03-09 03:00,2025-03-08 21:00,2025-03-08,21,SOLAR,SUN,0.0
2025-03-09 03:00,2025-03-08 21:00,2025-03-08,21,HYDRO,WAT,52.0
2025-03-09 03:00,2025-03-08 21:00,2025-03-08,21,WIND,WND,19619.0
2025-03-09 04:00,2025-03-08 22:00,2025-03-08,22,BATTERY,BAT,701.0
2025-03-09 04:00,2025-03-08 22:00,2025-03-08,22,COAL,COL,6574.0
2025-03-09 04:00,2025-03-08 22:00,2025-03-08,22,GAS,NG,17857.0
2025-03-09 04:00,2025-03-08 22:00,2025-03-08,22,NUCLEAR,NUC,4959.0
2025-03-09 04:00,2025-03-08 22:00,2025-03-08,22,OTHER,OTH,1.0
2025-03-09 04:00,2025-03-08 22:00,2025-03-08,22,SOLAR,SUN,0.0
2025-03-09 04:00,2025-03-08 22:00,2025-03-08,22,HYDRO,WAT,4.0
2025-03-09 04:00,2025-03-08 22:00,2025-03-08,22,WIND,WND,19012.0
2025-03-09 05:00,2025-03-08 23:00,2025-03-08,23,BATTERY,BAT,619.0
2025-03-09 05:00,2025-03-08 23:00,2025-03-08,23,COAL,COL,6408.0
2025-03-09 05:00,2025-03-08 23:00,2025-03-08,23,GAS,NG,16682.0
2025-03-09 05:00,2025-03-08 23:00,2025-03-08,23,NUCLEAR,NUC,4962.0
2025-03-09 05:00,2025-03-08 23:00,2025-03-08,23,OTHER,OTH,1.0
2025-03-09 05:00,2025-03-08 23:00,2025-03-08,23,SOLAR,SUN,0.0
2025-03-09 05:00,2025-03-08 23:00,2025-03-08,23,HYDRO,WAT,0.0
2025-03-09 05:00,2025-03-08 23:00,2025-03-08,23,WIND,WND,18741.0
2025-03-09 06:00,2025-03-09 00:00,2025-03-09,0,BATTERY,BAT,736.0
2025-03-09 06:00,2025-03-09 00:00,2025-03-09,0,COAL,COL,6225.0
2025-03-09 06:00,2025-03-09 00:00,2025-03-09,0,GAS,NG,15796.0
2025-03-09 06:00,2025-03-09 00:00,2025-03-09,0,NUCLEAR,NUC,5014.0
2025-03-09 06:00,2025-03-09 00:00,2025-03-09,0,OTHER,OTH,1.0
2025-03-09 06:00,2025-03-09 00:00,2025-03-09,0,SOLAR,SUN,0.0
2025-03-09 06:00,2025-03-09 00:00,2025-03-09,0,HYDRO,WAT,0.0
2025-03-09 06:00,2025-03-09 00:00,2025-03-09,0,WIND,WND,17875.0
2025-03-09 07:00,2025-03-09 01:00,2025-03-09,1,BATTERY,BAT,173.0
2025-03-09 07:00,2025-03-09 01:00,2025-03-09,1,COAL,COL,6333.0
2025-03-09 07:00,2025-03-09 01:00,2025-03-09,1,GAS,NG,15075.0
2025-03-09 07:00,2025-03-09 01:00,2025-03-09,1,NUCLEAR,NUC,5079.0
2025-03-09 07:00,2025-03-09 01:00,2025-03-09,1,OTHER,OTH,2.0
2025-03-09 07:00,2025-03-09 01:00,2025-03-09,1,SOLAR,SUN,1.0
2025-03-09 07:00,2025-03-09 01:00,2025-03-09,1,HYDRO,WAT,0.0
2025-03-09 07:00,2025-03-09 01:00,2025-03-09,1,WIND,WND,16794.0
2025-03-09 08:00,2025-03-09 03:00,2025-03-09,3,BATTERY,BAT,114.0
2025-03-09 08:00,2025-03-09 03:00,2025-03-09,3,COAL,COL,6531.0
2025-03-09 08:00,2025-03-09 03:00,2025-03-09,3,GAS,NG,15199.0
2025-03-09 08:00,2025-03-09 03:00,2025-03-09,3,NUCLEAR,NUC,5097.0
2025-03-09 08:00,2025-03-09 03:00,2025-03-09,3,OTHER,OTH,2.0
2025-03-09 08:00,2025-03-09 03:00,2025-03-09,3,SOLAR,SUN,1.0
2025-03-09 08:00,2025-03-09 03:00,2025-03-09,3,HYDRO,WAT,0.0
2025-03-09 08:00,2025-03-09 03:00,2025-03-09,3,WIND,WND,15673.0
2025-03-09 09:00,2025-03-09 04:00,2025-03-09,4,BATTERY,BAT,33.0
2025-03-09 09:00,2025-03-09 04:00,2025-03-09,4,COAL,COL,6438.0
2025-03-09 09:00,2025-03-09 04:00,2025-03-09,4,GAS,NG,15077.0
2025-03-09 09:00,2025-03-09 04:00,2025-03-09,4,NUCLEAR,NUC,5099.0
2025-03-09 09:00,2025-03-09 04:00,2025-03-09,4,OTHER,OTH,2.0
2025-03-09 09:00,2025-03-09 04:00,2025-03-09,4,SOLAR,SUN,0.0
2025-03-09 09:00,2025-03-09 04:00,2025-03-09,4,HYDRO,WAT,16.0
2025-03-09 09:00,2025-03-09 04:00,2025-03-09,4,WIND,WND,16102.0
2025-03-09 10:00,2025-03-09 05:00,2025-03-09,5,BATTERY,BAT,25.0
2025-03-09 10:00,2025-03-09 05:00,2025-03-09,5,COAL,COL,6384.0
2025-03-09 10:00,2025-03-09 05:00,2025-03-09,5,GAS,NG,14819.0
2025-03-09 10:00,2025-03-09 05:00,2025-03-09,5,NUCLEAR,NUC,5099.0
2025-03-09 10:00,2025-03-09 05:00,2025-03-09,5,OTHER,OTH,2.0
2025-03-09 10:00,2025-03-09 05:00,2025-03-09,5,SOLAR,SUN,0.0
2025-03-09 10:00,2025-03-09 05:00,2025-03-09,5,HYDRO,WAT,19.0
2025-03-09 10:00,2025-03-09 05:00,2025-03-09,5,WIND,WND,16530.0
2025-03-09 11:00,2025-03-09 06:00,2025-03-09,6,BATTERY,BAT,113.0
2025-03-09 11:00,2025-03-09 06:00,2025-03-09,6,COAL,COL,6290.0
2025-03-09 11:00,2025-03-09 06:00,2025-03-09,6,GAS,NG,15127.0
2025-03-09 11:00,2025-03-09 06:00,2025-03-09,6,NUCLEAR,NUC,5099.0
2025-03-09 11:00,2025-03-09 06:00,2025-03-09,6,OTHER,OTH,2.0
2025-03-09 11:00,2025-03-09 06:00,2025-03-09,6,SOLAR,SUN,0.0
2025-03-09 11:00,2025-03-09 06:00,2025-03-09,6,HYDRO,WAT,19.0
2025-03-09 11:00,2025-03-09 06:00,2025-03-09,6,WIND,WND,16003.0
2025-03-09 12:00,2025-03-09 07:00,2025-03-09,7,BATTERY,BAT,526.0
2025-03-09 12:00,2025-03-09 07:00,2025-03-09,7,COAL,COL,6635.0
2025-03-09 12:00,2025-03-09 07:00,2025-03-09,7,GAS,NG,16361.0
2025-03-09 12:00,2025-03-09 07:00,2025-03-09,7,NUCLEAR,NUC,5099.0
2025-03-09 12:00,2025-03-09 07:00,2025-03-09,7,OTHER,OTH,2.0
2025-03-09 12:00,2025-03-09 07:00,2025-03-09,7,SOLAR,SUN,0.0
2025-03-09 12:00,2025-03-09 07:00,2025-03-09,7,HYDRO,WAT,18.0
2025-03-09 12:00,2025-03-09 07:00,2025-03-09,7,WIND,WND,14761.0
2025-03-09 13:00,2025-03-09 08:00,2025-03-09,8,BATTERY,BAT,1601.0
2025-03-09 13:00,2025-03-09 08:00,2025-03-09,8,COAL,COL,6741.0
2025-03-09 13:00,2025-03-09 08:00,2025-03-09,8,GAS,NG,17864.0
2025-03-09 13:00,2025-03-09 08:00,2025-03-09,8,NUCLEAR,NUC,5100.0
2025-03-09 13:00,2025-03-09 08:00,2025-03-09,8,OTHER,OTH,2.0
2025-03-09 13:00,2025-03-09 08:00,2025-03-09,8,SOLAR,SUN,5.0
2025-03-09 13:00,2025-03-09 08:00,2025-03-09,8,HYDRO,WAT,0.0
2025-03-09 13:00,2025-03-09 08:00,2025-03-09,8,WIND,WND,13481.0
2025-03-09 14:00,2025-03-09 09:00,2025-03-09,9,BATTERY,BAT,1099.0
2025-03-09 14:00,2025-03-09 09:00,2025-03-09,9,COAL,COL,6671.0
2025-03-09 14:00,2025-03-09 09:00,2025-03-09,9,GAS,NG,17826.0
2025-03-09 14:00,2025-03-09 09:00,2025-03-09,9,NUCLEAR,NUC,5100.0
2025-03-09 14:00,2025-03-09 09:00,2025-03-09,9,OTHER,OTH,2.0
2025-03-09 14:00,2025-03-09 09:00,2025-03-09,9,SOLAR,SUN,1676.0
2025-03-09 14:00,2025-03-09 09:00,2025-03-09,9,HYDRO,WAT,0.0
2025-03-09 14:00,2025-03-09 09:00,2025-03-09,9,WIND,WND,13475.0
2025-03-09 15:00,2025-03-09 10:00,2025-03-09,10,BATTERY,BAT,237.0
2025-03-09 15:00,2025-03-09 10:00,2025-03-09,10,COAL,COL,6364.0
2025-03-09 15:00,2025-03-09 10:00,2025-03-09,10,GAS,NG,14416.0
2025-03-09 15:00,2025-03-09 10:00,2025-03-09,10,NUCLEAR,NUC,5100.0
2025-03-09 15:00,2025-03-09 10:00,2025-03-09,10,OTHER,OTH,2.0
2025-03-09 15:00,2025-03-09 10:00,2025-03-09,10,SOLAR,SUN,8892.0
2025-03-09 15:00,2025-03-09 10:00,2025-03-09,10,HYDRO,WAT,0.0
2025-03-09 15:00,2025-03-09 10:00,2025-03-09,10,WIND,WND,12841.0
2025-03-09 16:00,2025-03-09 11:00,2025-03-09,11,BATTERY,BAT,338.0
2025-03-09 16:00,2025-03-09 11:00,2025-03-09,11,COAL,COL,6494.0
2025-03-09 16:00,2025-03-09 11:00,2025-03-09,11,GAS,NG,12090.0
2025-03-09 16:00,2025-03-09 11:00,2025-03-09,11,NUCLEAR,NUC,5102.0
2025-03-09 16:00,2025-03-09 11:00,2025-03-09,11,OTHER,OTH,3.0
2025-03-09 16:00,2025-03-09 11:00,2025-03-09,11,SOLAR,SUN,12601.0
2025-03-09 16:00,2025-03-09 11:00,2025-03-09,11,HYDRO,WAT,0.0
2025-03-09 16:00,2025-03-09 11:00,2025-03-09,11,WIND,WND,12247.0
2025-03-09 17:00,2025-03-09 12:00,2025-03-09,12,BATTERY,BAT,173.0
2025-03-09 17:00,2025-03-09 12:00,2025-03-09,12,COAL,COL,6211.0
2025-03-09 17:00,2025-03-09 12:00,2025-03-09,12,GAS,NG,10439.0
2025-03-09 17:00,2025-03-09 12:00,2025-03-09,12,NUCLEAR,NUC,5102.0
2025-03-09 17:00,2025-03-09 12:00,2025-03-09,12,OTHER,OTH,3.0
2025-03-09 17:00,2025-03-09 12:00,2025-03-09,12,SOLAR,SUN,14848.0
2025-03-09 17:00,2025-03-09 12:00,2025-03-09,12,HYDRO,WAT,13.0
2025-03-09 17:00,2025-03-09 12:00,2025-03-09,12,WIND,WND,12430.0
2025-03-09 18:00,2025-03-09 13:00,2025-03-09,13,BATTERY,BAT,93.0
2025-03-09 18:00,2025-03-09 13:00,2025-03-09,13,COAL,COL,5757.0
2025-03-09 18:00,2025-03-09 13:00,2025-03-09,13,GAS,NG,9055.0
2025-03-09 18:00,2025-03-09 13:00,2025-03-09,13,NUCLEAR,NUC,5102.0
2025-03-09 18:00,2025-03-09 13:00,2025-03-09,13,OTHER,OTH,3.0
2025-03-09 18:00,2025-03-09 13:00,2025-03-09,13,SOLAR,SUN,16661.0
2025-03-09 18:00,2025-03-09 13:00,2025-03-09,13,HYDRO,WAT,1.0
2025-03-09 18:00,2025-03-09 13:00,2025-03-09,13,WIND,WND,12457.0
2025-03-09 19:00,2025-03-09 14:00,2025-03-09,14,BATTERY,BAT,88.0
2025-03-09 19:00,2025-03-09 14:00,2025-03-09,14,COAL,COL,5066.0
2025-03-09 19:00,2025-03-09 14:00,2025-03-09,14,GAS,NG,8532.0
2025-03-09 19:00,2025-03-09 14:00,2025-03-09,14,NUCLEAR,NUC,5102.0
2025-03-09 19:00,2025-03-09 14:00,2025-03-09,14,OTHER,OTH,3.0
2025-03-09 19:00,2025-03-09 14:00,2025-03-09,14,SOLAR,SUN,18395.0
2025-03-09 19:00,2025-03-09 14:00,2025-03-09,14,HYDRO,WAT,0.0
2025-03-09 19:00,2025-03-09 14:00,2025-03-09,14,WIND,WND,12304.0
2025-03-09 20:00,2025-03-09 15:00,2025-03-09,15,BATTERY,BAT,127.0
2025-03-09 20:00,2025-03-09 15:00,2025-03-09,15,COAL,COL,4862.0
2025-03-09 20:00,2025-03-09 15:00,2025-03-09,15,GAS,NG,8419.0
2025-03-09 20:00,2025-03-09 15:00,2025-03-09,15,NUCLEAR,NUC,5101.0
2025-03-09 20:00,2025-03-09 15:00,2025-03-09,15,OTHER,OTH,3.0
2025-03-09 20:00,2025-03-09 15:00,2025-03-09,15,SOLAR,SUN,17911.0
2025-03-09 20:00,2025-03-09 15:00,2025-03-09,15,HYDRO,WAT,0.0
2025-03-09 20:00,2025-03-09 15:00,2025-03-09,15,WIND,WND,12359.0
2025-03-09 21:00,2025-03-09 16:00,2025-03-09,16,BATTERY,BAT,82.0
2025-03-09 21:00,2025-03-09 16:00,2025-03-09,16,COAL,COL,4636.0
2025-03-09 21:00,2025-03-09 16:00,2025-03-09,16,GAS,NG,8595.0
2025-03-09 21:00,2025-03-09 16:00,2025-03-09,16,NUCLEAR,NUC,5100.0
2025-03-09 21:00,2025-03-09 16:00,2025-03-09,16,OTHER,OTH,3.0
2025-03-09 21:00,2025-03-09 16:00,2025-03-09,16,SOLAR,SUN,17036.0
2025-03-09 21:00,2025-03-09 16:00,2025-03-09,16,HYDRO,WAT,0.0
2025-03-09 21:00,2025-03-09 16:00,2025-03-09,16,WIND,WND,12256.0
2025-03-09 22:00,2025-03-09 17:00,2025-03-09,17,BATTERY,BAT,148.0
2025-03-09 22:00,2025-03-09 17:00,2025-03-09,17,COAL,COL,4090.0
2025-03-09 22:00,2025-03-09 17:00,2025-03-09,17,GAS,NG,9973.0
2025-03-09 22:00,2025-03-09 17:00,2025-03-09,17,NUCLEAR,NUC,5102.0
2025-03-09 22:00,2025-03-09 17:00,2025-03-09,17,OTHER,OTH,3.0
2025-03-09 22:00,2025-03-09 17:00,2025-03-09,17,SOLAR,SUN,15685.0
2025-03-09 22:00,2025-03-09 17:00,2025-03-09,17,HYDRO,WAT,0.0
2025-03-09 22:00,2025-03-09 17:00,2025-03-09,17,WIND,WND,11679.0
2025-03-09 23:00,2025-03-09 18:00,2025-03-09,18,BATTERY,BAT,173.0
2025-03-09 23:00,2025-03-09 18:00,2025-03-09,18,COAL,COL,3677.0
2025-03-09 23:00,2025-03-09 18:00,2025-03-09,18,GAS,NG,12953.0
2025-03-09 23:00,2025-03-09 18:00,2025-03-09,18,NUCLEAR,NUC,5103.0
2025-03-09 23:00,2025-03-09 18:00,2025-03-09,18,OTHER,OTH,3.0
2025-03-09 23:00,2025-03-09 18:00,2025-03-09,18,SOLAR,SUN,14195.0
2025-03-09 23:00,2025-03-09 18:00,2025-03-09,18,HYDRO,WAT,0.0
2025-03-09 23:00,2025-03-09 18:00,2025-03-09,18,WIND,WND,10590.0
