parameter,value
iso,PJM
fuel_prices.coal,2.25
fuel_prices.gas,3.5
fuel_prices.oil,10.5
carbon_price,5.5
emission_prices.nox,500.0
emission_prices.sox,200.0
emission_limits.nox_limit,
emission_limits.sox_limit,
heat_rates.coal_steam,10.0
heat_rates.gas_ccgt,7.0
heat_rates.gas_ct,10.5
heat_rates.oil_ct,10.5
heat_rates.new_gas_ccgt,6.2
heat_rates.new_gas_ct,9.5
heat_rates.new_coal,8.8
vom.coal_steam,5.5
vom.gas_ccgt,3.5
vom.gas_ct,5.0
vom.oil_ct,6.0
clean_lcoes.solar,65.0
clean_lcoes.wind,62.0
clean_lcoes.offshore_wind,85.0
clean_lcoes.nuclear,90.0
clean_lcoes.ccs_ccgt,120.0
clean_lcoes.geothermal,
incentives.ptc_wind,26.0
incentives.ptc_solar,26.0
incentives.ptc_nuclear_new,26.0
incentives.ptc_45u_max,15.0
incentives.ptc_45u_floor,40.0
incentives.ptc_45u_floor_escalation,0.0
incentives.ptc_45u_sunset_year,2032
incentives.itc_pct,30.0
incentives.rec_price,
storage_costs.battery,295.0
storage_costs.battery8,456.0
storage_costs.ldes,220.0
capacity_market_price,
wholesale_price_override,
q45,True
ccs_credit_override,
transmission_level,Medium
demand_growth,Medium
ppa_level,Medium
gas_friction,Medium
queue_cap_level,Medium
queue_cap_override_gw,
tech_differentiated_queue,True
nuclear_retirement_threshold,30.0
mode,trajectory
years,[]
start_year,2025
end_year,2050
year_step,5
custom_overrides.fuel,False
custom_overrides.lmp,False
custom_overrides.capacity,False
custom_overrides.rec,False
dr_level,Off
fossil_lcoes,
tx_overrides,
interchange_enabled,True
learning_curves,True
fleet_overrides,
